Date,Open,High,Low,Close,Volume
2021-07-23 12:00:00,0.07541,3.0,0.07541,0.93052,222016185.0
2021-07-23 16:00:00,0.9305,0.93292,0.817,0.86384,39860973.0
2021-07-23 20:00:00,0.86286,0.90011,0.70222,0.74531,28170251.0
2021-07-24 00:00:00,0.74531,1.11,0.7422,1.0315,76975566.0
2021-07-24 04:00:00,1.0314,2.13999,0.96633,1.88177,287582762.0
2021-07-24 08:00:00,1.88161,2.17369,1.8,1.92431,114592323.0
2021-07-24 12:00:00,1.91957,1.92845,1.51478,1.56288,97740430.0
2021-07-24 16:00:00,1.56289,1.9288,1.54651,1.83833,65902787.0
2021-07-24 20:00:00,1.83833,2.049,1.66904,2.01,50765146.0
2021-07-25 00:00:00,2.00926,2.01643,1.68401,1.78625,36870554.0
2021-07-25 04:00:00,1.78625,1.87,1.59,1.64539,32009829.0
2021-07-25 08:00:00,1.64539,1.68111,1.52337,1.6432,24099071.0
2021-07-25 12:00:00,1.64429,1.645,1.53,1.56963,15288377.0
2021-07-25 16:00:00,1.56982,1.56993,1.39023,1.415,21597254.0
2021-07-25 20:00:00,1.41325,1.50663,1.26501,1.4358,33765175.0
2021-07-26 00:00:00,1.42817,1.51,1.3,1.4392,24576231.0
2021-07-26 04:00:00,1.44006,1.6218,1.4,1.44194,29242451.0
2021-07-26 08:00:00,1.44445,1.52,1.38155,1.44499,13601634.0
2021-07-26 12:00:00,1.44411,1.46709,1.33384,1.34822,11111416.0
2021-07-26 16:00:00,1.34914,1.377,1.22011,1.27471,16831000.0
2021-07-26 20:00:00,1.27331,1.3545,1.23879,1.29366,13661434.0
2021-07-27 00:00:00,1.29367,1.295,1.10097,1.13564,12052618.0
2021-07-27 04:00:00,1.13564,1.265,1.12,1.17219,13865407.0
2021-07-27 08:00:00,1.17206,1.33766,1.15,1.2767,26787744.0
2021-07-27 12:00:00,1.27694,1.4498,1.24205,1.25325,31824755.0
2021-07-27 16:00:00,1.25319,1.303,1.2,1.24464,11882681.0
2021-07-27 20:00:00,1.24349,1.29768,1.23,1.268,4941405.0
2021-07-28 00:00:00,1.268,1.29336,1.21619,1.25425,7316860.0
2021-07-28 04:00:00,1.2565,1.26406,1.19612,1.211,6317878.0
2021-07-28 08:00:00,1.21101,1.21198,1.178,1.19098,6370632.0
2021-07-28 12:00:00,1.19098,1.2385,1.18,1.18315,6664158.0
2021-07-28 16:00:00,1.18319,1.189,1.13361,1.15433,6053286.0
2021-07-28 20:00:00,1.15433,1.18063,1.14,1.14672,2988271.0
2021-07-29 00:00:00,1.1455,1.1495,1.1,1.10697,4835459.0
2021-07-29 04:00:00,1.107,1.18149,1.10601,1.12113,7260779.0
2021-07-29 08:00:00,1.12112,1.12113,1.1,1.10593,4652545.0
2021-07-29 12:00:00,1.10439,1.115,1.0214,1.02866,9918384.0
2021-07-29 16:00:00,1.02785,1.0647,1.023,1.06399,4640936.0
2021-07-29 20:00:00,1.06298,1.09,1.03856,1.05328,4722565.0
2021-07-30 00:00:00,1.05324,1.05688,1.00001,1.00443,5416215.0
2021-07-30 04:00:00,1.00335,1.228,1.00064,1.15752,39885380.0
2021-07-30 08:00:00,1.15828,1.42,1.1,1.28874,78414719.0
2021-07-30 12:00:00,1.28781,1.43352,1.26974,1.36382,51831444.0
2021-07-30 16:00:00,1.36622,1.39184,1.29828,1.31185,17097971.0
2021-07-30 20:00:00,1.31203,1.31486,1.22789,1.2416,17748686.0
2021-07-31 00:00:00,1.24159,1.41884,1.23079,1.36516,29058205.0
2021-07-31 04:00:00,1.36556,1.36732,1.26513,1.32489,11104291.0
2021-07-31 08:00:00,1.32487,1.325,1.25854,1.26515,8370988.0
2021-07-31 12:00:00,1.26591,1.299,1.22147,1.26118,11416071.0
2021-07-31 16:00:00,1.26022,1.26999,1.2347,1.26433,3687737.0
2021-07-31 20:00:00,1.26371,1.299,1.2512,1.28175,6300899.0
2021-08-01 00:00:00,1.28172,1.28475,1.225,1.24194,5961329.0
2021-08-01 04:00:00,1.241,1.24388,1.194,1.22661,6014240.0
2021-08-01 08:00:00,1.22572,1.235,1.1735,1.17699,5245472.0
2021-08-01 12:00:00,1.17666,1.22529,1.175,1.22166,5083631.0
2021-08-01 16:00:00,1.22166,1.222,1.17054,1.18796,4310842.0
2021-08-01 20:00:00,1.18781,1.19897,1.13393,1.145,3359419.0
2021-08-02 00:00:00,1.14316,1.18582,1.12967,1.17479,4445159.0
2021-08-02 04:00:00,1.17367,1.21,1.1536,1.17206,3833630.0
2021-08-02 08:00:00,1.17339,1.18094,1.1459,1.15721,2986563.0
2021-08-02 12:00:00,1.15721,1.17159,1.14801,1.15657,2356887.0
2021-08-02 16:00:00,1.15563,1.17,1.14,1.142,2310683.0
2021-08-02 20:00:00,1.142,1.16,1.13,1.14903,2075705.0
2021-08-03 00:00:00,1.1488,1.15698,1.11369,1.11713,2327507.0
2021-08-03 04:00:00,1.11624,1.14602,1.1055,1.13185,3209539.0
2021-08-03 08:00:00,1.13375,1.14456,1.11506,1.11944,1930828.0
2021-08-03 12:00:00,1.11786,1.11889,1.09,1.10314,3578773.0
2021-08-03 16:00:00,1.10316,1.10895,1.06589,1.06981,3281108.0
2021-08-03 20:00:00,1.06991,1.20763,1.06622,1.1343,11868337.0
2021-08-04 00:00:00,1.13451,1.1599,1.117,1.15,3505684.0
2021-08-04 04:00:00,1.15,1.193,1.11757,1.12501,6603398.0
2021-08-04 08:00:00,1.125,1.1499,1.12,1.1352,3488942.0
2021-08-04 12:00:00,1.13521,1.16548,1.1342,1.1531,4294127.0
2021-08-04 16:00:00,1.15309,1.15419,1.14,1.14151,2257472.0
2021-08-04 20:00:00,1.14151,1.15,1.1337,1.14275,1930598.0
2021-08-05 00:00:00,1.1427,1.146,1.121,1.128,2319477.0
2021-08-05 04:00:00,1.12777,1.1311,1.109,1.11807,2906110.0
2021-08-05 08:00:00,1.11965,1.13092,1.08,1.11056,5429871.0
2021-08-05 12:00:00,1.11054,1.14334,1.09584,1.10701,4833474.0
2021-08-05 16:00:00,1.1071,1.12699,1.10614,1.11001,2807884.0
2021-08-05 20:00:00,1.11259,1.1191,1.095,1.10309,2244642.0
2021-08-06 00:00:00,1.10309,1.1119,1.098,1.10062,1358477.0
2021-08-06 04:00:00,1.10055,1.11,1.0865,1.09212,2291837.0
2021-08-06 08:00:00,1.09185,1.11272,1.08599,1.095,4069180.0
2021-08-06 12:00:00,1.0954,1.14,1.09,1.1222,6841052.0
2021-08-06 16:00:00,1.12242,1.137,1.108,1.12465,3574095.0
2021-08-06 20:00:00,1.12465,1.1277,1.101,1.11,2181198.0
2021-08-07 00:00:00,1.10999,1.125,1.1,1.11776,2445596.0
2021-08-07 04:00:00,1.11701,1.135,1.115,1.12001,3022959.0
2021-08-07 08:00:00,1.12001,1.22651,1.11911,1.16236,13819563.0
2021-08-07 12:00:00,1.16208,1.169,1.12,1.12969,5381095.0
2021-08-07 16:00:00,1.13034,1.1329,1.09856,1.11225,3373430.0
2021-08-07 20:00:00,1.11072,1.13782,1.10701,1.1268,1877019.0
2021-08-08 00:00:00,1.12669,1.18,1.106,1.1435,5394823.0
2021-08-08 04:00:00,1.14452,1.221,1.13801,1.1641,11650092.0
2021-08-08 08:00:00,1.165,1.18719,1.12202,1.12872,3972558.0
2021-08-08 12:00:00,1.13087,1.252,1.12822,1.174,18260518.0
2021-08-08 16:00:00,1.174,1.30284,1.15555,1.25632,23721159.0
2021-08-08 20:00:00,1.25632,1.31754,1.222,1.26533,15221505.0
2021-08-09 00:00:00,1.26374,1.275,1.20206,1.23999,8153909.0
2021-08-09 04:00:00,1.2391,1.3,1.183,1.21779,10076067.0
2021-08-09 08:00:00,1.2189,1.25021,1.19995,1.22967,6669473.0
2021-08-09 12:00:00,1.22954,1.24748,1.18932,1.20931,5166638.0
2021-08-09 16:00:00,1.2095,1.21199,1.17,1.19002,4178530.0
2021-08-09 20:00:00,1.19002,1.21536,1.18101,1.20024,3450547.0
2021-08-10 00:00:00,1.20024,1.23297,1.178,1.1861,3299163.0
2021-08-10 04:00:00,1.18515,1.2,1.152,1.17899,5405613.0
2021-08-10 08:00:00,1.17899,1.19849,1.162,1.16779,3734542.0
2021-08-10 12:00:00,1.16747,1.19886,1.16,1.16199,4254911.0
2021-08-10 16:00:00,1.162,1.175,1.1528,1.16676,2253309.0
2021-08-10 20:00:00,1.16676,1.18963,1.16646,1.16999,1721915.0
2021-08-11 00:00:00,1.16999,1.2215,1.16028,1.19504,5347452.0
2021-08-11 04:00:00,1.19503,1.22702,1.19393,1.19549,4948871.0
2021-08-11 08:00:00,1.19643,1.22863,1.18381,1.20142,5593684.0
2021-08-11 12:00:00,1.20142,1.2485,1.19034,1.21393,5181170.0
2021-08-11 16:00:00,1.21393,1.24,1.21081,1.2313,2579072.0
2021-08-11 20:00:00,1.23028,1.232,1.16454,1.18234,3299078.0
2021-08-12 00:00:00,1.18218,1.22,1.165,1.19839,3628094.0
2021-08-12 04:00:00,1.1981,1.2081,1.12,1.15342,5443547.0
2021-08-12 08:00:00,1.15362,1.17,1.13803,1.13901,2297229.0
2021-08-12 12:00:00,1.13803,1.148,1.1233,1.13185,2753463.0
2021-08-12 16:00:00,1.13055,1.16657,1.125,1.16261,1650893.0
2021-08-12 20:00:00,1.16261,1.16261,1.1275,1.14332,1296431.0
2021-08-13 00:00:00,1.1432,1.16026,1.14,1.14356,644465.0
2021-08-13 04:00:00,1.14356,1.18759,1.14261,1.17679,1760720.0
2021-08-13 08:00:00,1.17679,1.22864,1.17603,1.18254,6701470.0
2021-08-13 12:00:00,1.18263,1.20496,1.16501,1.16892,2407065.0
2021-08-13 16:00:00,1.16892,1.18985,1.143,1.176,1872799.0
2021-08-13 20:00:00,1.176,1.19595,1.1736,1.18772,1731227.0
2021-08-14 00:00:00,1.1877,1.21742,1.17559,1.2,3202805.0
2021-08-14 04:00:00,1.19775,1.19999,1.172,1.18152,2198616.0
2021-08-14 08:00:00,1.1807,1.289,1.18,1.25,17162788.0
2021-08-14 12:00:00,1.25,1.85,1.21731,1.71702,133774983.0
2021-08-14 16:00:00,1.7168,1.74,1.56704,1.59977,29381918.0
2021-08-14 20:00:00,1.59891,1.78,1.59374,1.75263,24418692.0
2021-08-15 00:00:00,1.75142,1.79985,1.52333,1.588,24615402.0
2021-08-15 04:00:00,1.58777,1.58888,1.43165,1.4663,13737487.0
2021-08-15 08:00:00,1.46738,1.52858,1.40688,1.4356,17961555.0
2021-08-15 12:00:00,1.43521,1.536,1.409,1.47,15747395.0
2021-08-15 16:00:00,1.47,1.52,1.415,1.48841,6081737.0
2021-08-15 20:00:00,1.4884,1.525,1.46111,1.50038,4684533.0
2021-08-16 00:00:00,1.50282,1.65,1.45,1.475,14999738.0
2021-08-16 04:00:00,1.47613,1.50334,1.43715,1.45919,7300436.0
2021-08-16 08:00:00,1.45919,1.54246,1.45919,1.48923,9330088.0
2021-08-16 12:00:00,1.49096,1.545,1.445,1.465,7835495.0
2021-08-16 16:00:00,1.465,1.50605,1.45865,1.48333,3456978.0
2021-08-16 20:00:00,1.48333,1.5,1.4508,1.47249,3089530.0
2021-08-17 00:00:00,1.47451,1.47699,1.39437,1.45914,5135985.0
2021-08-17 04:00:00,1.45988,1.464,1.401,1.42069,3390352.0
2021-08-17 08:00:00,1.41803,1.5232,1.41343,1.47515,6268279.0
2021-08-17 12:00:00,1.47534,1.6888,1.47403,1.51825,24030488.0
2021-08-17 16:00:00,1.51825,1.65,1.49321,1.51827,10605849.0
2021-08-17 20:00:00,1.51633,1.52267,1.44951,1.45289,4486434.0
2021-08-18 00:00:00,1.45345,1.648,1.44204,1.58586,12142093.0
2021-08-18 04:00:00,1.58768,1.875,1.55618,1.78443,35667991.0
2021-08-18 08:00:00,1.78369,1.97916,1.67201,1.83,48562262.0
2021-08-18 12:00:00,1.82781,1.91534,1.72917,1.79516,25154776.0
2021-08-18 16:00:00,1.79514,1.83527,1.72,1.81148,8330403.0
2021-08-18 20:00:00,1.81251,1.955,1.76909,1.8375,17173047.0
2021-08-19 00:00:00,1.83562,1.88449,1.69,1.69123,9741707.0
2021-08-19 04:00:00,1.69108,1.75316,1.67665,1.71536,7559475.0
2021-08-19 08:00:00,1.71631,1.7419,1.63066,1.7135,8591275.0
2021-08-19 12:00:00,1.71419,1.78265,1.66254,1.70723,8927726.0
2021-08-19 16:00:00,1.70807,1.76373,1.68999,1.72773,3676381.0
2021-08-19 20:00:00,1.72774,1.78999,1.71983,1.77625,4264390.0
2021-08-20 00:00:00,1.77521,1.88733,1.77039,1.83983,6982136.0
2021-08-20 04:00:00,1.83983,2.2,1.815,2.093,34385437.0
2021-08-20 08:00:00,2.09434,2.355,2.01555,2.24252,31436575.0
2021-08-20 12:00:00,2.24205,2.386,2.19374,2.21248,25042655.0
2021-08-20 16:00:00,2.21228,2.515,2.20762,2.4805,29448912.0
2021-08-20 20:00:00,2.48411,2.68,2.36508,2.6199,20736114.0
2021-08-21 00:00:00,2.62153,2.94,2.62001,2.80822,38326337.0
2021-08-21 04:00:00,2.80816,3.38459,2.80231,2.92638,57917905.0
2021-08-21 08:00:00,2.92638,2.98,2.7378,2.8723,31398090.0
2021-08-21 12:00:00,2.87,3.2,2.748,2.91589,34713486.0
2021-08-21 16:00:00,2.91467,3.086,2.778,2.82033,14379984.0
2021-08-21 20:00:00,2.8201,3.0,2.75,2.75263,9502026.0
2021-08-22 00:00:00,2.75125,2.79268,2.57,2.65259,13134835.0
2021-08-22 04:00:00,2.65172,2.86605,2.61813,2.76317,13213809.0
2021-08-22 08:00:00,2.7608,3.1,2.70941,2.95962,19976742.0
2021-08-22 12:00:00,2.95882,3.345,2.94332,3.06399,44603006.0
2021-08-22 16:00:00,3.06399,3.1,2.86009,3.02501,14988644.0
2021-08-22 20:00:00,3.02042,3.18699,2.91729,3.13138,9394441.0
2021-08-23 00:00:00,3.13085,3.488,2.99832,3.25639,36571909.0
2021-08-23 04:00:00,3.25622,3.33253,3.14655,3.2601,13471143.0
2021-08-23 08:00:00,3.26102,3.27428,3.11,3.20288,13259006.0
2021-08-23 12:00:00,3.20258,3.224,3.08,3.10019,9332942.0
2021-08-23 16:00:00,3.10019,3.195,3.09,3.10525,6967918.0
2021-08-23 20:00:00,3.1051,3.219,3.099,3.21448,4561157.0
2021-08-24 00:00:00,3.21116,3.3,3.102,3.12619,7293306.0
2021-08-24 04:00:00,3.12848,3.3,3.115,3.29389,8954934.0
2021-08-24 08:00:00,3.29389,3.85007,3.241,3.70796,50420849.0
2021-08-24 12:00:00,3.708,4.26,3.525,4.10738,53369306.0
2021-08-24 16:00:00,4.10557,4.53,3.88383,4.35841,50143646.0
2021-08-24 20:00:00,4.35841,5.9,4.3,5.11684,97284202.0
2021-08-25 00:00:00,5.11088,5.97243,4.82464,5.50197,69849120.0
2021-08-25 04:00:00,5.50912,5.85,5.07666,5.53892,43195417.0
2021-08-25 08:00:00,5.54361,6.38673,5.28,6.26838,80021133.0
2021-08-25 12:00:00,6.26232,6.445,5.51527,5.68797,54764453.0
2021-08-25 16:00:00,5.68735,6.03927,5.25,5.37447,32596804.0
2021-08-25 20:00:00,5.37378,5.46888,5.10465,5.17383,22170697.0
2021-08-26 00:00:00,5.1765,5.6,4.852,4.95,23850042.0
2021-08-26 04:00:00,4.95,5.22033,4.58222,4.606,25802267.9
2021-08-26 08:00:00,4.607,5.22033,4.597,5.155,27258871.3
2021-08-26 12:00:00,5.155,5.455,4.863,4.91,25937919.0
2021-08-26 16:00:00,4.911,4.978,4.663,4.815,13010165.3
2021-08-26 20:00:00,4.814,5.048,4.705,4.89,7422883.4
2021-08-27 00:00:00,4.894,5.046,4.365,4.473,14027765.5
2021-08-27 04:00:00,4.47,4.646,4.306,4.632,12712583.7
2021-08-27 08:00:00,4.632,4.635,4.395,4.503,7649300.8
2021-08-27 12:00:00,4.503,5.3,4.501,5.115,25610425.1
2021-08-27 16:00:00,5.119,5.169,4.905,4.986,8485984.3
2021-08-27 20:00:00,4.99,5.498,4.892,5.285,13791892.0
2021-08-28 00:00:00,5.282,5.379,5.026,5.239,9165047.0
2021-08-28 04:00:00,5.239,5.267,5.056,5.108,5462817.3
2021-08-28 08:00:00,5.108,5.189,4.812,4.901,8483291.8
2021-08-28 12:00:00,4.901,5.036,4.852,4.894,7365017.8
2021-08-28 16:00:00,4.892,5.075,4.795,4.832,5336820.4
2021-08-28 20:00:00,4.832,4.989,4.832,4.968,2875026.6
2021-08-29 00:00:00,4.968,5.07,4.662,4.704,5941879.5
2021-08-29 04:00:00,4.705,4.879,4.598,4.769,5244203.4
2021-08-29 08:00:00,4.762,4.858,4.67,4.696,4017180.7
2021-08-29 12:00:00,4.695,4.779,4.629,4.709,3183915.6
2021-08-29 16:00:00,4.709,5.03,4.648,4.94,7529724.2
2021-08-29 20:00:00,4.941,5.197,4.796,4.847,9141010.6
2021-08-30 00:00:00,4.847,4.928,4.7,4.768,5254625.4
2021-08-30 04:00:00,4.769,4.98,4.695,4.918,5005770.9
2021-08-30 08:00:00,4.919,5.008,4.73,4.788,5009045.5
2021-08-30 12:00:00,4.788,4.795,4.555,4.773,5297796.1
2021-08-30 16:00:00,4.771,5.002,4.714,4.808,9276855.0
2021-08-30 20:00:00,4.808,4.836,4.508,4.583,3515167.8
2021-08-31 00:00:00,4.583,4.821,4.53,4.771,3996616.6
2021-08-31 04:00:00,4.769,4.776,4.6,4.68,2568605.7
2021-08-31 08:00:00,4.68,4.79,4.616,4.755,3693417.5
2021-08-31 12:00:00,4.752,4.789,4.601,4.639,4460172.4
2021-08-31 16:00:00,4.639,4.66,4.308,4.437,4232936.9
2021-08-31 20:00:00,4.436,4.453,4.051,4.406,7439317.8
2021-09-01 00:00:00,4.406,4.497,4.181,4.307,4757827.5
2021-09-01 04:00:00,4.31,4.374,4.088,4.099,3724850.3
2021-09-01 08:00:00,4.099,4.266,4.08,4.234,4403433.8
2021-09-01 12:00:00,4.234,4.3,4.12,4.19,4647247.1
2021-09-01 16:00:00,4.19,4.258,4.149,4.177,3530534.8
2021-09-01 20:00:00,4.179,4.323,4.12,4.28,3028370.2
2021-09-02 00:00:00,4.28,4.677,4.207,4.655,9555362.1
2021-09-02 04:00:00,4.652,5.3,4.55,4.993,26961179.7
2021-09-02 08:00:00,4.993,5.155,4.93,5.003,10229787.9
2021-09-02 12:00:00,5.003,5.147,4.717,4.816,10976149.3
2021-09-02 16:00:00,4.816,4.891,4.59,4.69,6827031.1
2021-09-02 20:00:00,4.689,4.73,4.597,4.635,4097883.7
2021-09-03 00:00:00,4.632,4.785,4.42,4.668,8320651.6
2021-09-03 04:00:00,4.668,4.839,4.544,4.769,5781187.1
2021-09-03 08:00:00,4.769,4.786,4.6,4.7,5096461.9
2021-09-03 12:00:00,4.7,4.756,4.543,4.605,4671099.8
2021-09-03 16:00:00,4.605,4.673,4.584,4.608,2771614.2
2021-09-03 20:00:00,4.608,4.635,4.451,4.569,2286140.3
2021-09-04 00:00:00,4.569,4.613,4.49,4.589,2050006.2
2021-09-04 04:00:00,4.589,4.8,4.573,4.619,5648021.7
2021-09-04 08:00:00,4.618,4.649,4.503,4.597,3013935.9
2021-09-04 12:00:00,4.596,4.688,4.56,4.594,2553585.6
2021-09-04 16:00:00,4.592,4.609,4.426,4.49,2774664.3
2021-09-04 20:00:00,4.488,4.558,4.383,4.494,2094914.9
2021-09-05 00:00:00,4.491,4.57,4.445,4.472,1631189.8
2021-09-05 04:00:00,4.469,4.543,4.455,4.506,1369196.7
2021-09-05 08:00:00,4.508,4.552,4.493,4.512,1566736.6
2021-09-05 12:00:00,4.513,4.692,4.505,4.511,3695078.0
2021-09-05 16:00:00,4.511,4.553,4.471,4.537,1823047.4
2021-09-05 20:00:00,4.538,4.65,4.502,4.592,2336599.0
2021-09-06 00:00:00,4.592,4.894,4.545,4.828,7934252.8
2021-09-06 04:00:00,4.828,4.907,4.7,4.756,5112689.2
2021-09-06 08:00:00,4.757,4.779,4.491,4.55,5234351.2
2021-09-06 12:00:00,4.549,4.55,4.08,4.402,7715839.0
2021-09-06 16:00:00,4.401,4.442,4.355,4.39,2374736.8
2021-09-06 20:00:00,4.391,4.477,4.297,4.386,1856749.8
2021-09-07 00:00:00,4.386,4.538,4.335,4.437,2725935.5
2021-09-07 04:00:00,4.437,4.439,4.175,4.275,4660366.8
2021-09-07 08:00:00,4.279,4.282,3.928,4.023,7727365.0
2021-09-07 12:00:00,4.023,4.14,2.898,3.511,19668992.7
2021-09-07 16:00:00,3.516,3.737,3.15,3.19,13917921.6
2021-09-07 20:00:00,3.186,3.445,3.162,3.378,4546571.7
2021-09-08 00:00:00,3.375,3.67,3.261,3.445,6692688.2
2021-09-08 04:00:00,3.444,3.502,3.037,3.137,6367535.6
2021-09-08 08:00:00,3.137,3.389,3.037,3.29,6707232.0
2021-09-08 12:00:00,3.291,3.38,3.213,3.328,5362599.3
2021-09-08 16:00:00,3.329,4.28,3.289,3.893,25185019.6
2021-09-08 20:00:00,3.891,3.924,3.675,3.725,7402208.5
2021-09-09 00:00:00,3.725,3.912,3.538,3.71,8231862.9
2021-09-09 04:00:00,3.709,4.06,3.67,3.909,12928719.5
2021-09-09 08:00:00,3.908,4.49,3.856,4.265,18095888.1
2021-09-09 12:00:00,4.264,4.392,3.975,4.203,12574471.3
2021-09-09 16:00:00,4.203,4.295,3.921,4.06,7642812.4
2021-09-09 20:00:00,4.056,4.31,4.023,4.131,7088086.5
2021-09-10 00:00:00,4.131,4.134,4.002,4.061,3639506.8
2021-09-10 04:00:00,4.06,4.2,3.852,3.888,6056889.4
2021-09-10 08:00:00,3.885,3.95,3.762,3.92,4252209.6
2021-09-10 12:00:00,3.921,3.939,3.526,3.763,6683433.8
2021-09-10 16:00:00,3.76,3.809,3.671,3.716,2475899.6
2021-09-10 20:00:00,3.717,3.755,3.6,3.726,1887408.5
2021-09-11 00:00:00,3.729,3.938,3.671,3.765,3882608.9
2021-09-11 04:00:00,3.764,3.838,3.695,3.755,3134295.6
2021-09-11 08:00:00,3.752,3.899,3.699,3.83,3564048.2
2021-09-11 12:00:00,3.828,4.008,3.8,3.882,4254064.9
2021-09-11 16:00:00,3.881,3.896,3.761,3.789,1896423.4
2021-09-11 20:00:00,3.788,3.82,3.704,3.744,1118512.9
2021-09-12 00:00:00,3.745,3.776,3.61,3.743,1610445.3
2021-09-12 04:00:00,3.743,3.745,3.65,3.723,1423904.8
2021-09-12 08:00:00,3.721,3.879,3.712,3.821,3113745.1
2021-09-12 12:00:00,3.825,3.907,3.734,3.755,3244290.6
2021-09-12 16:00:00,3.754,3.834,3.739,3.779,1694200.1
2021-09-12 20:00:00,3.779,3.82,3.6,3.73,3212625.3
2021-09-13 00:00:00,3.73,3.766,3.4,3.411,3644777.4
2021-09-13 04:00:00,3.41,3.53,3.319,3.361,2770263.9
2021-09-13 08:00:00,3.361,3.454,3.262,3.436,2639706.6
2021-09-13 12:00:00,3.437,3.67,3.204,3.4,5001462.1
2021-09-13 16:00:00,3.401,3.443,3.37,3.421,1384852.0
2021-09-13 20:00:00,3.422,3.509,3.399,3.427,1011846.1
2021-09-14 00:00:00,3.427,3.588,3.383,3.57,1764754.5
2021-09-14 04:00:00,3.571,3.99,3.532,3.926,12498935.8
2021-09-14 08:00:00,3.926,4.117,3.804,3.851,13104032.6
2021-09-14 12:00:00,3.855,3.933,3.725,3.856,7035754.4
2021-09-14 16:00:00,3.856,3.876,3.7,3.727,3254068.2
2021-09-14 20:00:00,3.731,3.796,3.6,3.772,2651764.1
2021-09-15 00:00:00,3.772,3.876,3.7,3.743,2350594.1
2021-09-15 04:00:00,3.742,3.976,3.711,3.903,3978362.8
2021-09-15 08:00:00,3.899,3.943,3.799,3.821,2799352.9
2021-09-15 12:00:00,3.822,3.927,3.771,3.922,2759135.3
2021-09-15 16:00:00,3.926,4.195,3.846,4.134,7232712.6
2021-09-15 20:00:00,4.135,4.158,3.937,4.046,3318845.2
2021-09-16 00:00:00,4.048,4.066,3.845,3.916,2850456.4
2021-09-16 04:00:00,3.918,4.098,3.91,4.037,2884291.6
2021-09-16 08:00:00,4.037,4.037,3.853,3.888,3947798.1
2021-09-16 12:00:00,3.883,3.947,3.718,3.837,4582767.1
2021-09-16 16:00:00,3.834,3.95,3.793,3.838,3158904.5
2021-09-16 20:00:00,3.837,3.906,3.721,3.822,2352695.2
2021-09-17 00:00:00,3.82,3.864,3.75,3.784,1608591.8
2021-09-17 04:00:00,3.784,3.872,3.719,3.742,2532254.8
2021-09-17 08:00:00,3.744,3.78,3.541,3.618,3361624.4
2021-09-17 12:00:00,3.619,3.7,3.571,3.659,1882196.4
2021-09-17 16:00:00,3.658,3.708,3.583,3.688,1338600.1
2021-09-17 20:00:00,3.688,3.698,3.61,3.648,1105488.7
2021-09-18 00:00:00,3.651,3.845,3.601,3.823,1937821.1
2021-09-18 04:00:00,3.826,3.99,3.807,3.944,4227253.3
2021-09-18 08:00:00,3.943,4.32,3.881,4.089,14199993.5
2021-09-18 12:00:00,4.09,4.21,3.962,4.005,6735438.0
2021-09-18 16:00:00,4.005,4.11,3.909,3.952,3387595.8
2021-09-18 20:00:00,3.957,4.058,3.851,4.021,2874397.4
2021-09-19 00:00:00,4.021,4.4,4.0,4.233,10071201.9
2021-09-19 04:00:00,4.233,4.295,4.098,4.15,3558776.7
2021-09-19 08:00:00,4.145,4.184,3.888,3.936,4346791.4
2021-09-19 12:00:00,3.934,4.168,3.894,4.073,4772525.4
2021-09-19 16:00:00,4.073,4.109,3.949,3.981,2554035.1
2021-09-19 20:00:00,3.983,4.078,3.862,3.906,2038638.1
2021-09-20 00:00:00,3.907,3.927,3.561,3.7,5334828.2
2021-09-20 04:00:00,3.7,3.774,3.41,3.491,4463436.2
2021-09-20 08:00:00,3.491,3.595,3.252,3.365,5947177.7
2021-09-20 12:00:00,3.364,3.517,3.101,3.415,6958269.7
2021-09-20 16:00:00,3.413,3.468,3.241,3.367,2867316.4
2021-09-20 20:00:00,3.365,3.445,3.271,3.334,1480172.2
2021-09-21 00:00:00,3.336,3.445,3.08,3.353,3528225.9
2021-09-21 04:00:00,3.354,3.65,3.244,3.604,4158245.7
2021-09-21 08:00:00,3.603,3.627,3.472,3.511,3348860.0
2021-09-21 12:00:00,3.512,3.549,3.296,3.407,3029945.1
2021-09-21 16:00:00,3.407,3.433,3.2,3.222,2680655.7
2021-09-21 20:00:00,3.225,3.254,3.0,3.181,3611258.6
2021-09-22 00:00:00,3.181,3.44,3.161,3.347,3436010.4
2021-09-22 04:00:00,3.346,3.44,3.286,3.407,1634155.9
2021-09-22 08:00:00,3.409,3.418,3.24,3.252,1767736.5
2021-09-22 12:00:00,3.252,3.464,3.251,3.463,2026552.0
2021-09-22 16:00:00,3.462,3.514,3.371,3.449,2729079.6
2021-09-22 20:00:00,3.447,3.551,3.422,3.534,1244630.9
2021-09-23 00:00:00,3.533,3.6,3.434,3.592,2481387.2
2021-09-23 04:00:00,3.593,3.597,3.477,3.566,2016500.5
2021-09-23 08:00:00,3.565,3.569,3.317,3.36,2988514.8
2021-09-23 12:00:00,3.358,3.5,3.328,3.414,3561162.6
2021-09-23 16:00:00,3.414,3.559,3.386,3.524,2169089.9
2021-09-23 20:00:00,3.527,3.58,3.469,3.578,1445462.3
2021-09-24 00:00:00,3.576,3.589,3.37,3.379,2720633.1
2021-09-24 04:00:00,3.379,3.443,3.321,3.416,2066898.5
2021-09-24 08:00:00,3.414,3.454,3.02,3.162,6348532.6
2021-09-24 12:00:00,3.16,3.22,3.0,3.127,5556855.3
2021-09-24 16:00:00,3.123,3.185,3.086,3.173,1673583.5
2021-09-24 20:00:00,3.173,3.3,3.141,3.181,1623398.6
2021-09-25 00:00:00,3.18,3.28,3.111,3.226,1689084.4
2021-09-25 04:00:00,3.229,3.274,3.126,3.15,1496665.0
2021-09-25 08:00:00,3.148,3.217,3.054,3.138,2137643.9
2021-09-25 12:00:00,3.14,3.217,3.117,3.18,2191804.6
2021-09-25 16:00:00,3.18,3.215,3.151,3.179,1098822.9
2021-09-25 20:00:00,3.182,3.183,3.077,3.119,1447227.1
2021-09-26 00:00:00,3.118,3.126,2.953,3.02,2659000.8
2021-09-26 04:00:00,3.019,3.034,2.724,2.804,4047737.3
2021-09-26 08:00:00,2.8,3.067,2.751,2.977,5976403.9
2021-09-26 12:00:00,2.978,3.107,2.978,3.054,2789791.3
2021-09-26 16:00:00,3.057,3.067,2.961,2.985,1753436.4
2021-09-26 20:00:00,2.989,3.04,2.892,2.933,1373345.7
2021-09-27 00:00:00,2.934,3.109,2.875,3.027,2749765.3
2021-09-27 04:00:00,3.027,3.15,3.005,3.029,2406053.4
2021-09-27 08:00:00,3.028,3.121,3.003,3.054,2295147.6
2021-09-27 12:00:00,3.051,3.064,2.938,2.983,2609708.8
2021-09-27 16:00:00,2.982,3.0,2.938,2.95,1350774.6
2021-09-27 20:00:00,2.949,3.025,2.905,2.928,1210181.1
2021-09-28 00:00:00,2.928,2.959,2.876,2.928,1287097.6
2021-09-28 04:00:00,2.927,2.94,2.806,2.822,1842032.3
2021-09-28 08:00:00,2.823,2.898,2.813,2.883,1104480.4
2021-09-28 12:00:00,2.883,2.914,2.815,2.824,1577235.1
2021-09-28 16:00:00,2.822,2.862,2.763,2.803,1340394.1
2021-09-28 20:00:00,2.805,2.855,2.767,2.779,701634.4
2021-09-29 00:00:00,2.776,2.914,2.773,2.913,1374161.2
2021-09-29 04:00:00,2.913,2.95,2.865,2.928,1229325.6
2021-09-29 08:00:00,2.927,3.301,2.89,3.242,11073760.5
2021-09-29 12:00:00,3.239,3.263,3.103,3.151,6947458.3
2021-09-29 16:00:00,3.15,3.199,3.044,3.059,3862025.8
2021-09-29 20:00:00,3.058,3.11,2.961,3.107,2419596.7
2021-09-30 00:00:00,3.108,3.232,3.044,3.15,2904409.1
2021-09-30 04:00:00,3.15,3.188,3.049,3.074,2241038.6
2021-09-30 08:00:00,3.074,3.096,3.002,3.032,2638847.0
2021-09-30 12:00:00,3.033,3.093,3.027,3.075,2171792.2
2021-09-30 16:00:00,3.077,3.136,3.046,3.082,1750915.8
2021-09-30 20:00:00,3.084,3.13,3.033,3.117,1315430.1
2021-10-01 00:00:00,3.116,3.164,3.073,3.102,1386676.3
2021-10-01 04:00:00,3.098,3.217,3.098,3.203,2596787.3
2021-10-01 08:00:00,3.204,3.33,3.162,3.31,4048338.4
2021-10-01 12:00:00,3.31,3.411,3.214,3.354,4508879.9
2021-10-01 16:00:00,3.355,3.394,3.312,3.349,2497427.0
2021-10-01 20:00:00,3.348,3.37,3.26,3.353,2028763.3
2021-10-02 00:00:00,3.357,3.396,3.27,3.276,1837655.8
2021-10-02 04:00:00,3.276,3.555,3.272,3.529,3294593.7
2021-10-02 08:00:00,3.529,3.781,3.466,3.748,9074002.0
2021-10-02 12:00:00,3.748,3.995,3.727,3.968,9040052.1
2021-10-02 16:00:00,3.965,3.992,3.861,3.907,3946336.2
2021-10-02 20:00:00,3.907,3.91,3.666,3.72,4165593.1
2021-10-03 00:00:00,3.72,3.97,3.61,3.961,4925582.5
2021-10-03 04:00:00,3.965,4.15,3.909,3.936,8854974.4
2021-10-03 08:00:00,3.936,4.118,3.85,3.944,4604081.6
2021-10-03 12:00:00,3.943,3.966,3.783,3.837,3508721.3
2021-10-03 16:00:00,3.837,3.953,3.801,3.865,3304445.8
2021-10-03 20:00:00,3.865,3.901,3.716,3.82,2914161.9
2021-10-04 00:00:00,3.82,3.821,3.606,3.644,3925661.3
2021-10-04 04:00:00,3.642,3.776,3.561,3.768,3987384.8
2021-10-04 08:00:00,3.766,3.795,3.637,3.744,3197542.2
2021-10-04 12:00:00,3.744,3.984,3.609,3.731,6497677.1
2021-10-04 16:00:00,3.73,3.823,3.682,3.729,2998386.7
2021-10-04 20:00:00,3.73,3.777,3.644,3.742,1474938.5
2021-10-05 00:00:00,3.746,3.895,3.691,3.857,2880705.1
2021-10-05 04:00:00,3.855,3.877,3.758,3.775,1985538.1
2021-10-05 08:00:00,3.775,3.833,3.738,3.77,2275607.7
2021-10-05 12:00:00,3.77,3.795,3.601,3.631,3029675.8
2021-10-05 16:00:00,3.632,3.667,3.605,3.649,1407577.5
2021-10-05 20:00:00,3.649,3.734,3.64,3.706,1405720.0
2021-10-06 00:00:00,3.706,3.818,3.617,3.625,2482681.1
2021-10-06 04:00:00,3.623,3.674,3.5,3.534,2602497.1
2021-10-06 08:00:00,3.534,3.55,3.37,3.46,3847503.2
2021-10-06 12:00:00,3.46,3.682,3.457,3.65,3578371.6
2021-10-06 16:00:00,3.651,3.81,3.606,3.615,2732296.6
2021-10-06 20:00:00,3.616,3.621,3.506,3.531,1501381.3
2021-10-07 00:00:00,3.531,3.539,3.397,3.463,2348903.0
2021-10-07 04:00:00,3.461,3.638,3.455,3.626,2152660.3
2021-10-07 08:00:00,3.629,3.7,3.525,3.585,3005309.1
2021-10-07 12:00:00,3.58,3.645,3.5,3.553,2377822.3
2021-10-07 16:00:00,3.552,3.64,3.498,3.604,1346499.4
2021-10-07 20:00:00,3.604,3.652,3.536,3.578,1069848.3
2021-10-08 00:00:00,3.579,3.755,3.576,3.714,2148751.8
2021-10-08 04:00:00,3.713,3.786,3.616,3.752,2681933.0
2021-10-08 08:00:00,3.749,3.752,3.602,3.603,2694828.8
2021-10-08 12:00:00,3.602,3.635,3.558,3.602,2568044.1
2021-10-08 16:00:00,3.603,3.626,3.57,3.594,1073932.6
2021-10-08 20:00:00,3.595,3.598,3.5,3.544,973291.5
2021-10-09 00:00:00,3.547,3.564,3.452,3.563,1719180.7
2021-10-09 04:00:00,3.559,3.608,3.544,3.573,1682362.6
2021-10-09 08:00:00,3.574,3.582,3.5,3.559,1509940.1
2021-10-09 12:00:00,3.562,3.605,3.55,3.571,1008348.7
2021-10-09 16:00:00,3.573,3.582,3.502,3.512,914020.5
2021-10-09 20:00:00,3.51,3.542,3.48,3.541,569461.7
2021-10-10 00:00:00,3.543,3.547,3.431,3.491,1134548.9
2021-10-10 04:00:00,3.49,3.529,3.485,3.504,725140.6
2021-10-10 08:00:00,3.502,3.57,3.485,3.504,1583280.3
2021-10-10 12:00:00,3.504,3.515,3.44,3.464,1197721.0
2021-10-10 16:00:00,3.464,3.499,3.384,3.407,1209067.2
2021-10-10 20:00:00,3.404,3.436,3.261,3.285,1762960.6
2021-10-11 00:00:00,3.285,3.378,3.239,3.35,2005577.1
2021-10-11 04:00:00,3.351,3.399,3.319,3.388,1269226.4
2021-10-11 08:00:00,3.387,3.457,3.297,3.334,1864656.8
2021-10-11 12:00:00,3.335,3.373,3.297,3.312,1352214.5
2021-10-11 16:00:00,3.315,3.319,3.177,3.18,1492643.4
2021-10-11 20:00:00,3.18,3.268,3.139,3.265,869935.2
2021-10-12 00:00:00,3.261,3.263,3.112,3.157,1486869.5
2021-10-12 04:00:00,3.157,3.214,3.111,3.151,1286062.7
2021-10-12 08:00:00,3.152,3.199,3.019,3.085,2182250.2
2021-10-12 12:00:00,3.085,3.269,3.006,3.249,3100441.1
2021-10-12 16:00:00,3.246,3.388,3.229,3.256,2297398.8
2021-10-12 20:00:00,3.253,3.359,3.22,3.335,1080745.2
2021-10-13 00:00:00,3.333,3.447,3.29,3.394,2109154.3
2021-10-13 04:00:00,3.396,3.498,3.213,3.222,4237452.5
2021-10-13 08:00:00,3.224,3.728,3.214,3.648,15672759.6
2021-10-13 12:00:00,3.647,3.825,3.487,3.739,11916673.8
2021-10-13 16:00:00,3.738,3.882,3.656,3.715,5103355.3
2021-10-13 20:00:00,3.715,3.75,3.646,3.721,1742624.2
2021-10-14 00:00:00,3.723,3.927,3.632,3.651,5740247.5
2021-10-14 04:00:00,3.65,3.73,3.6,3.637,2944669.3
2021-10-14 08:00:00,3.636,3.804,3.61,3.795,2957639.3
2021-10-14 12:00:00,3.798,3.836,3.62,3.691,3870498.4
2021-10-14 16:00:00,3.69,3.7,3.569,3.617,1779889.6
2021-10-14 20:00:00,3.616,3.621,3.562,3.603,720379.7
2021-10-15 00:00:00,3.604,3.658,3.512,3.611,1986686.4
2021-10-15 04:00:00,3.613,3.655,3.54,3.633,1617312.7
2021-10-15 08:00:00,3.635,3.643,3.399,3.53,4027894.2
2021-10-15 12:00:00,3.53,3.575,3.486,3.533,1319183.2
2021-10-15 16:00:00,3.533,3.593,3.5,3.577,1326049.6
2021-10-15 20:00:00,3.577,3.6,3.515,3.528,733617.2
2021-10-16 00:00:00,3.528,3.645,3.523,3.583,1331038.3
2021-10-16 04:00:00,3.583,3.675,3.573,3.627,1733400.3
2021-10-16 08:00:00,3.628,3.656,3.599,3.632,1212347.5
2021-10-16 12:00:00,3.635,3.655,3.496,3.516,2441530.3
2021-10-16 16:00:00,3.515,3.537,3.458,3.47,792104.9
2021-10-16 20:00:00,3.47,3.516,3.455,3.504,362776.6
2021-10-17 00:00:00,3.504,3.507,3.414,3.479,687378.2
2021-10-17 04:00:00,3.478,3.513,3.461,3.465,736956.9
2021-10-17 08:00:00,3.465,3.52,3.465,3.478,781613.9
2021-10-17 12:00:00,3.479,3.485,3.365,3.398,1120978.1
2021-10-17 16:00:00,3.398,3.427,3.334,3.348,811927.6
2021-10-17 20:00:00,3.351,3.387,3.208,3.381,1492137.9
2021-10-18 00:00:00,3.381,3.444,3.37,3.398,789755.8
2021-10-18 04:00:00,3.399,3.438,3.362,3.367,779860.1
2021-10-18 08:00:00,3.367,3.433,3.316,3.341,1240232.2
2021-10-18 12:00:00,3.34,3.411,3.272,3.408,1492145.2
2021-10-18 16:00:00,3.407,3.6,3.379,3.442,2745444.2
2021-10-18 20:00:00,3.442,3.492,3.401,3.417,665717.4
2021-10-19 00:00:00,3.417,3.469,3.38,3.464,671643.3
2021-10-19 04:00:00,3.469,3.549,3.413,3.448,1166119.0
2021-10-19 08:00:00,3.447,3.45,3.393,3.431,628844.4
2021-10-19 12:00:00,3.43,3.46,3.33,3.378,1333137.0
2021-10-19 16:00:00,3.378,3.401,3.342,3.344,797489.2
2021-10-19 20:00:00,3.344,3.418,3.326,3.394,560033.0
2021-10-20 00:00:00,3.395,3.445,3.371,3.377,745422.4
2021-10-20 04:00:00,3.376,3.415,3.36,3.395,457085.6
2021-10-20 08:00:00,3.396,3.456,3.383,3.446,733493.4
2021-10-20 12:00:00,3.446,3.564,3.439,3.528,2306773.6
2021-10-20 16:00:00,3.529,3.597,3.501,3.573,1426554.3
2021-10-20 20:00:00,3.574,3.576,3.508,3.541,575823.6
2021-10-21 00:00:00,3.541,3.885,3.515,3.732,6109302.5
2021-10-21 04:00:00,3.729,3.734,3.634,3.694,2390675.8
2021-10-21 08:00:00,3.694,3.803,3.565,3.606,3201441.6
2021-10-21 12:00:00,3.608,3.797,3.47,3.526,4596659.4
2021-10-21 16:00:00,3.525,3.558,3.45,3.484,1748549.6
2021-10-21 20:00:00,3.484,3.529,3.455,3.493,682361.9
2021-10-22 00:00:00,3.495,3.649,3.489,3.649,1717633.5
2021-10-22 04:00:00,3.648,3.65,3.53,3.594,1253549.2
2021-10-22 08:00:00,3.594,3.62,3.545,3.583,1249900.9
2021-10-22 12:00:00,3.584,3.625,3.48,3.514,2209179.3
2021-10-22 16:00:00,3.515,3.59,3.488,3.576,1161839.7
2021-10-22 20:00:00,3.575,3.617,3.5,3.58,912549.8
2021-10-23 00:00:00,3.577,3.629,3.53,3.618,796163.4
2021-10-23 04:00:00,3.621,3.629,3.55,3.563,681944.3
2021-10-23 08:00:00,3.562,3.745,3.532,3.736,3121959.4
2021-10-23 12:00:00,3.737,3.78,3.641,3.688,2807250.2
2021-10-23 16:00:00,3.687,3.697,3.646,3.653,886649.7
2021-10-23 20:00:00,3.655,3.844,3.646,3.798,1990150.1
2021-10-24 00:00:00,3.797,4.076,3.78,4.035,7829424.1
2021-10-24 04:00:00,4.035,4.153,3.903,4.06,4955983.0
2021-10-24 08:00:00,4.064,4.08,3.784,3.819,4285455.7
2021-10-24 12:00:00,3.82,3.907,3.688,3.747,3793267.2
2021-10-24 16:00:00,3.747,3.852,3.695,3.749,2064020.9
2021-10-24 20:00:00,3.75,3.838,3.737,3.773,968108.0
2021-10-25 00:00:00,3.775,3.915,3.741,3.886,1714878.8
2021-10-25 04:00:00,3.886,3.974,3.84,3.936,1712671.1
2021-10-25 08:00:00,3.936,3.942,3.824,3.858,1693095.4
2021-10-25 12:00:00,3.857,4.05,3.807,4.01,3658204.0
2021-10-25 16:00:00,4.009,4.18,3.947,4.073,5185192.9
2021-10-25 20:00:00,4.073,4.092,4.006,4.04,1195898.7
2021-10-26 00:00:00,4.04,4.488,4.001,4.403,9172033.9
2021-10-26 04:00:00,4.405,4.452,4.269,4.312,3616137.3
2021-10-26 08:00:00,4.316,4.477,4.166,4.194,4832827.1
2021-10-26 12:00:00,4.195,4.25,4.099,4.25,3268373.7
2021-10-26 16:00:00,4.25,4.282,4.187,4.239,1260035.8
2021-10-26 20:00:00,4.24,4.279,4.013,4.101,1758252.5
2021-10-27 00:00:00,4.102,4.206,4.073,4.129,1526709.8
2021-10-27 04:00:00,4.13,4.216,3.856,3.884,3369889.2
2021-10-27 08:00:00,3.886,3.887,3.383,3.63,8814875.5
2021-10-27 12:00:00,3.629,3.717,3.588,3.621,2351649.6
2021-10-27 16:00:00,3.62,3.647,3.461,3.564,1950843.9
2021-10-27 20:00:00,3.562,3.607,3.485,3.501,1062032.1
2021-10-28 00:00:00,3.5,3.664,3.46,3.586,2179540.0
2021-10-28 04:00:00,3.586,3.699,3.507,3.535,2802167.5
2021-10-28 08:00:00,3.534,3.772,3.531,3.656,3144786.5
2021-10-28 12:00:00,3.656,3.74,3.639,3.68,1423709.0
2021-10-28 16:00:00,3.681,3.708,3.526,3.668,1717026.7
2021-10-28 20:00:00,3.669,3.706,3.605,3.64,812999.5
2021-10-29 00:00:00,3.64,3.787,3.615,3.707,1867289.6
2021-10-29 04:00:00,3.707,3.766,3.617,3.67,1410667.9
2021-10-29 08:00:00,3.67,3.691,3.622,3.667,1481662.3
2021-10-29 12:00:00,3.665,3.849,3.634,3.812,2918720.4
2021-10-29 16:00:00,3.809,3.835,3.711,3.742,1393256.4
2021-10-29 20:00:00,3.742,3.748,3.682,3.72,857549.4
2021-10-30 00:00:00,3.72,3.735,3.626,3.637,1541609.8
2021-10-30 04:00:00,3.637,3.716,3.636,3.686,813320.2
2021-10-30 08:00:00,3.688,3.727,3.615,3.684,1289179.5
2021-10-30 12:00:00,3.682,3.684,3.519,3.608,2373838.8
2021-10-30 16:00:00,3.608,3.653,3.59,3.635,1231905.6
2021-10-30 20:00:00,3.633,3.645,3.51,3.601,1161138.2
2021-10-31 00:00:00,3.6,3.802,3.595,3.72,3227767.3
2021-10-31 04:00:00,3.722,3.895,3.698,3.812,3615333.7
2021-10-31 08:00:00,3.812,3.815,3.609,3.631,2031364.4
2021-10-31 12:00:00,3.633,3.712,3.556,3.684,2201731.9
2021-10-31 16:00:00,3.685,3.731,3.588,3.598,1697363.7
2021-10-31 20:00:00,3.599,3.693,3.575,3.676,724530.5
2021-11-01 00:00:00,3.677,3.717,3.575,3.583,1501457.6
2021-11-01 04:00:00,3.583,3.751,3.544,3.743,1388534.7
2021-11-01 08:00:00,3.743,3.764,3.667,3.676,1628471.4
2021-11-01 12:00:00,3.678,3.747,3.655,3.718,1438877.8
2021-11-01 16:00:00,3.719,3.724,3.622,3.708,1067625.9
2021-11-01 20:00:00,3.708,3.744,3.663,3.737,459564.2
2021-11-02 00:00:00,3.737,3.745,3.663,3.706,1225496.6
2021-11-02 04:00:00,3.708,3.729,3.671,3.699,994063.0
2021-11-02 08:00:00,3.698,3.84,3.672,3.776,2163703.7
2021-11-02 12:00:00,3.777,3.823,3.752,3.806,1673002.1
2021-11-02 16:00:00,3.808,4.284,3.733,3.774,17479039.8
2021-11-02 20:00:00,3.775,3.792,3.63,3.73,1961752.0
2021-11-03 00:00:00,3.73,3.849,3.66,3.826,1779141.5
2021-11-03 04:00:00,3.827,3.914,3.686,3.886,2379565.9
2021-11-03 08:00:00,3.885,4.159,3.874,4.075,8519503.0
2021-11-03 12:00:00,4.075,4.38,3.856,4.047,11861816.7
2021-11-03 16:00:00,4.051,4.178,3.961,4.137,3096041.6
2021-11-03 20:00:00,4.138,4.185,4.08,4.153,1257915.8
2021-11-04 00:00:00,4.154,4.325,4.019,4.077,3107710.3
2021-11-04 04:00:00,4.077,4.112,3.927,3.935,1844237.7
2021-11-04 08:00:00,3.936,4.033,3.84,3.867,3519677.2
2021-11-04 12:00:00,3.866,3.961,3.8,3.832,3484849.8
2021-11-04 16:00:00,3.831,3.921,3.8,3.898,1335332.3
2021-11-04 20:00:00,3.898,3.937,3.859,3.922,932620.0
2021-11-05 00:00:00,3.922,3.974,3.857,3.969,1325818.4
2021-11-05 04:00:00,3.967,4.03,3.9,3.933,1525793.6
2021-11-05 08:00:00,3.932,4.004,3.842,3.857,1500990.5
2021-11-05 12:00:00,3.856,3.937,3.8,3.834,2350217.7
2021-11-05 16:00:00,3.834,3.909,3.82,3.834,983754.1
2021-11-05 20:00:00,3.834,3.889,3.802,3.848,732940.2
2021-11-06 00:00:00,3.848,3.933,3.827,3.922,919843.3
2021-11-06 04:00:00,3.921,3.975,3.84,3.887,1146929.6
2021-11-06 08:00:00,3.887,3.91,3.69,3.743,1974106.9
2021-11-06 12:00:00,3.741,3.812,3.693,3.8,1238416.1
2021-11-06 16:00:00,3.801,3.832,3.775,3.825,538739.2
2021-11-06 20:00:00,3.823,3.874,3.82,3.874,447942.4
2021-11-07 00:00:00,3.874,3.962,3.854,3.931,1143533.3
2021-11-07 04:00:00,3.933,3.939,3.858,3.882,853260.9
2021-11-07 08:00:00,3.882,3.975,3.875,3.933,984769.7
2021-11-07 12:00:00,3.934,3.98,3.897,3.918,929891.7
2021-11-07 16:00:00,3.92,3.929,3.86,3.899,711452.4
2021-11-07 20:00:00,3.901,3.921,3.884,3.904,274694.7
2021-11-08 00:00:00,3.904,4.041,3.874,3.94,1821843.1
2021-11-08 04:00:00,3.938,4.021,3.875,3.892,1545359.9
2021-11-08 08:00:00,3.891,4.023,3.865,3.967,1485480.0
2021-11-08 12:00:00,3.969,4.12,3.896,3.992,3792902.7
2021-11-08 16:00:00,3.991,4.037,3.966,3.973,973370.5
2021-11-08 20:00:00,3.973,4.04,3.95,4.004,633427.0
2021-11-09 00:00:00,4.003,4.017,3.967,3.973,614936.6
2021-11-09 04:00:00,3.974,4.02,3.899,3.989,1570309.6
2021-11-09 08:00:00,3.989,4.175,3.905,3.955,3601692.9
2021-11-09 12:00:00,3.956,4.644,3.913,4.174,24303673.5
2021-11-09 16:00:00,4.173,4.217,3.995,4.14,4212346.2
2021-11-09 20:00:00,4.14,4.4,4.092,4.214,5470521.9
2021-11-10 00:00:00,4.214,4.328,4.096,4.2,2933932.8
2021-11-10 04:00:00,4.201,4.4,4.078,4.107,4399349.2
2021-11-10 08:00:00,4.108,4.156,4.085,4.111,1625340.8
2021-11-10 12:00:00,4.11,4.24,4.002,4.076,4675543.7
2021-11-10 16:00:00,4.076,4.14,3.91,3.913,2688511.6
2021-11-10 20:00:00,3.915,4.045,3.55,3.819,5030983.1
2021-11-11 00:00:00,3.818,3.9,3.76,3.854,1757867.9
2021-11-11 04:00:00,3.854,3.935,3.843,3.935,1335795.5
2021-11-11 08:00:00,3.935,3.937,3.846,3.909,1407079.9
2021-11-11 12:00:00,3.908,3.932,3.781,3.846,1435210.6
2021-11-11 16:00:00,3.846,3.886,3.812,3.874,657520.6
2021-11-11 20:00:00,3.874,3.91,3.858,3.896,432700.2
2021-11-12 00:00:00,3.893,3.937,3.82,3.858,1230908.7
2021-11-12 04:00:00,3.858,3.88,3.747,3.778,982134.8
2021-11-12 08:00:00,3.778,3.832,3.668,3.704,1983732.6
2021-11-12 12:00:00,3.704,3.752,3.65,3.697,1199677.6
2021-11-12 16:00:00,3.696,3.739,3.612,3.707,1007766.0
2021-11-12 20:00:00,3.708,3.777,3.707,3.767,476808.1
2021-11-13 00:00:00,3.767,3.797,3.7,3.718,862127.4
2021-11-13 04:00:00,3.716,3.787,3.71,3.784,481098.2
2021-11-13 08:00:00,3.784,3.799,3.701,3.723,798602.6
2021-11-13 12:00:00,3.72,3.822,3.689,3.794,987357.8
2021-11-13 16:00:00,3.795,3.808,3.751,3.761,492161.3
2021-11-13 20:00:00,3.761,3.799,3.76,3.777,241618.1
2021-11-14 00:00:00,3.777,3.859,3.775,3.79,568529.2
2021-11-14 04:00:00,3.79,3.819,3.775,3.79,481043.7
2021-11-14 08:00:00,3.79,3.794,3.73,3.776,615315.5
2021-11-14 12:00:00,3.776,3.812,3.74,3.743,584489.9
2021-11-14 16:00:00,3.745,3.761,3.68,3.738,602189.8
2021-11-14 20:00:00,3.736,3.788,3.726,3.785,311547.1
2021-11-15 00:00:00,3.785,3.804,3.749,3.763,544038.8
2021-11-15 04:00:00,3.762,3.819,3.762,3.778,516325.0
2021-11-15 08:00:00,3.779,3.81,3.764,3.799,533817.8
2021-11-15 12:00:00,3.799,3.81,3.738,3.747,621053.7
2021-11-15 16:00:00,3.749,3.753,3.7,3.734,488359.3
2021-11-15 20:00:00,3.733,3.733,3.68,3.707,378462.3
2021-11-16 00:00:00,3.708,3.708,3.363,3.419,3267722.9
2021-11-16 04:00:00,3.417,3.484,3.365,3.462,1148521.3
2021-11-16 08:00:00,3.463,3.497,3.0,3.297,4496509.4
2021-11-16 12:00:00,3.297,3.39,3.236,3.301,1542869.1
2021-11-16 16:00:00,3.301,3.325,3.238,3.284,573251.9
2021-11-16 20:00:00,3.28,3.292,3.001,3.235,820051.4
2021-11-17 00:00:00,3.236,3.284,3.089,3.15,1216687.6
2021-11-17 04:00:00,3.152,3.26,3.105,3.236,804481.6
2021-11-17 08:00:00,3.236,3.307,3.132,3.304,1281301.3
2021-11-17 12:00:00,3.304,3.311,3.16,3.204,874672.5
2021-11-17 16:00:00,3.205,3.282,3.179,3.253,580855.6
2021-11-17 20:00:00,3.255,3.35,3.247,3.317,751345.1
2021-11-18 00:00:00,3.316,3.38,3.296,3.307,798617.1
2021-11-18 04:00:00,3.308,3.325,3.202,3.234,960597.6
2021-11-18 08:00:00,3.234,3.255,3.156,3.165,800084.7
2021-11-18 12:00:00,3.165,3.207,2.987,3.056,2383711.7
2021-11-18 16:00:00,3.059,3.096,2.91,3.07,2466504.4
2021-11-18 20:00:00,3.071,3.096,2.992,3.036,560044.0
2021-11-19 00:00:00,3.035,3.133,3.005,3.037,866785.9
2021-11-19 04:00:00,3.031,3.179,3.029,3.122,693074.9
2021-11-19 08:00:00,3.122,3.249,3.122,3.208,985575.6
2021-11-19 12:00:00,3.205,3.308,3.202,3.271,982003.7
2021-11-19 16:00:00,3.269,3.294,3.234,3.266,558693.2
2021-11-19 20:00:00,3.266,3.29,3.223,3.285,298514.1
2021-11-20 00:00:00,3.285,3.333,3.241,3.247,594689.4
2021-11-20 04:00:00,3.245,3.285,3.236,3.254,432421.7
2021-11-20 08:00:00,3.252,3.332,3.25,3.332,539156.5
2021-11-20 12:00:00,3.33,3.349,3.137,3.154,1149545.8
2021-11-20 16:00:00,3.153,3.254,3.137,3.253,820514.8
2021-11-20 20:00:00,3.254,3.323,3.243,3.305,539272.5
2021-11-21 00:00:00,3.305,3.311,3.2,3.213,1037658.2
2021-11-21 04:00:00,3.213,3.257,3.207,3.232,795295.6
2021-11-21 08:00:00,3.232,3.24,3.183,3.222,911478.8
2021-11-21 12:00:00,3.22,3.366,3.2,3.344,1333603.1
2021-11-21 16:00:00,3.34,3.459,3.304,3.309,2000469.9
2021-11-21 20:00:00,3.309,3.361,3.249,3.253,705248.9
2021-11-22 00:00:00,3.255,3.272,3.134,3.16,1117114.3
2021-11-22 04:00:00,3.16,3.183,3.092,3.168,627428.7
2021-11-22 08:00:00,3.167,3.209,3.162,3.18,590533.9
2021-11-22 12:00:00,3.179,3.261,3.125,3.194,1020992.8
2021-11-22 16:00:00,3.194,3.202,3.08,3.087,683639.0
2021-11-22 20:00:00,3.088,3.17,3.073,3.147,346074.0
2021-11-23 00:00:00,3.145,3.193,3.116,3.187,519345.3
2021-11-23 04:00:00,3.186,3.218,3.1,3.12,755593.7
2021-11-23 08:00:00,3.118,3.18,3.057,3.123,1315149.5
2021-11-23 12:00:00,3.129,3.36,3.122,3.355,1677236.7
2021-11-23 16:00:00,3.353,3.367,3.27,3.316,1411758.8
2021-11-23 20:00:00,3.317,3.317,3.181,3.188,856656.2
2021-11-24 00:00:00,3.189,3.22,3.126,3.141,890513.7
2021-11-24 04:00:00,3.142,3.22,3.139,3.181,1105979.0
2021-11-24 08:00:00,3.181,3.293,3.179,3.242,1612857.2
2021-11-24 12:00:00,3.24,3.243,3.098,3.193,1353452.7
2021-11-24 16:00:00,3.192,3.206,3.093,3.128,1070318.7
2021-11-24 20:00:00,3.128,3.199,3.105,3.178,479830.6
2021-11-25 00:00:00,3.175,3.277,3.156,3.262,845221.2
2021-11-25 04:00:00,3.262,3.27,3.185,3.25,892122.0
2021-11-25 08:00:00,3.25,3.3,3.189,3.297,1069663.6
2021-11-25 12:00:00,3.297,3.4,3.261,3.352,2204621.4
2021-11-25 16:00:00,3.352,3.372,3.259,3.299,1032004.3
2021-11-25 20:00:00,3.299,3.348,3.282,3.301,489813.2
2021-11-26 00:00:00,3.302,3.372,3.266,3.286,1229181.1
2021-11-26 04:00:00,3.286,3.3,3.097,3.149,1494879.0
2021-11-26 08:00:00,3.148,3.15,2.851,2.949,4539246.7
2021-11-26 12:00:00,2.951,3.059,2.937,3.0,1499393.1
2021-11-26 16:00:00,2.999,3.03,2.96,3.007,747329.3
2021-11-26 20:00:00,3.006,3.031,2.951,2.976,425703.5
2021-11-27 00:00:00,2.974,3.037,2.952,2.972,1231850.1
2021-11-27 04:00:00,2.972,3.002,2.923,2.947,556333.7
2021-11-27 08:00:00,2.946,3.041,2.944,2.999,892066.4
2021-11-27 12:00:00,2.998,3.032,2.985,2.994,632855.2
2021-11-27 16:00:00,2.994,3.019,2.98,3.001,421936.7
2021-11-27 20:00:00,3.002,3.044,2.932,2.989,603132.9
2021-11-28 00:00:00,2.99,2.997,2.801,2.848,1289657.2
2021-11-28 04:00:00,2.849,2.929,2.823,2.922,609614.7
2021-11-28 08:00:00,2.925,2.943,2.87,2.91,491522.8
2021-11-28 12:00:00,2.909,2.919,2.849,2.88,725675.3
2021-11-28 16:00:00,2.88,2.91,2.755,2.891,1189592.8
2021-11-28 20:00:00,2.893,3.011,2.891,3.005,543493.8
2021-11-29 00:00:00,3.002,3.02,2.965,2.985,635098.6
2021-11-29 04:00:00,2.988,3.06,2.974,3.04,528544.4
2021-11-29 08:00:00,3.039,3.069,2.971,2.991,782145.8
2021-11-29 12:00:00,2.993,3.111,2.986,3.018,1249329.5
2021-11-29 16:00:00,3.018,3.07,3.005,3.017,593908.4
2021-11-29 20:00:00,3.017,3.072,3.016,3.02,296644.9
2021-11-30 00:00:00,3.024,3.057,2.935,2.988,773588.1
2021-11-30 04:00:00,2.988,3.015,2.896,2.96,806217.2
2021-11-30 08:00:00,2.962,3.022,2.934,3.016,687179.1
2021-11-30 12:00:00,3.017,3.07,2.987,2.995,1155374.5
2021-11-30 16:00:00,2.994,3.098,2.947,3.034,1170745.4
2021-11-30 20:00:00,3.034,3.06,2.987,3.019,582812.1
2021-12-01 00:00:00,3.02,3.07,3.012,3.05,553770.0
2021-12-01 04:00:00,3.05,3.124,3.022,3.084,1074757.1
2021-12-01 08:00:00,3.086,3.133,3.029,3.071,1411532.9
2021-12-01 12:00:00,3.074,3.27,3.064,3.166,3245299.7
2021-12-01 16:00:00,3.163,3.264,3.158,3.169,1715144.4
2021-12-01 20:00:00,3.17,3.17,3.068,3.13,1039143.7
2021-12-02 00:00:00,3.131,3.52,3.056,3.376,10127492.5
2021-12-02 04:00:00,3.378,3.5,3.275,3.299,4224627.1
2021-12-02 08:00:00,3.3,3.33,3.141,3.186,1902674.2
2021-12-02 12:00:00,3.187,3.249,3.141,3.18,1855480.9
2021-12-02 16:00:00,3.179,3.18,3.1,3.157,1013489.8
2021-12-02 20:00:00,3.156,3.216,3.154,3.179,513785.1
2021-12-03 00:00:00,3.18,3.227,3.067,3.087,1356757.6
2021-12-03 04:00:00,3.088,3.144,3.072,3.121,1158556.8
2021-12-03 08:00:00,3.122,3.157,3.09,3.138,588460.1
2021-12-03 12:00:00,3.138,3.148,3.0,3.017,1599938.6
2021-12-03 16:00:00,3.016,3.02,2.911,2.925,1534034.3
2021-12-03 20:00:00,2.92,2.977,2.824,2.957,1390462.3
2021-12-04 00:00:00,2.956,2.968,2.8,2.817,1634445.5
2021-12-04 04:00:00,2.82,2.878,1.885,2.31,10626991.3
2021-12-04 08:00:00,2.311,2.363,2.126,2.179,4070114.4
2021-12-04 12:00:00,2.179,2.381,2.179,2.349,2930794.9
2021-12-04 16:00:00,2.349,2.4,2.287,2.394,1015235.1
2021-12-04 20:00:00,2.393,2.416,2.34,2.381,663859.2
2021-12-05 00:00:00,2.381,2.436,2.278,2.373,1298386.2
2021-12-05 04:00:00,2.372,2.39,2.332,2.353,885779.0
2021-12-05 08:00:00,2.354,2.376,2.292,2.31,1028847.1
2021-12-05 12:00:00,2.307,2.345,2.1,2.147,2757796.4
2021-12-05 16:00:00,2.147,2.253,2.137,2.198,1203940.5
2021-12-05 20:00:00,2.199,2.25,2.162,2.213,688850.4
2021-12-06 00:00:00,2.211,2.217,2.078,2.199,1126670.4
2021-12-06 04:00:00,2.2,2.234,2.039,2.103,1290895.7
2021-12-06 08:00:00,2.101,2.169,2.007,2.093,2244070.1
2021-12-06 12:00:00,2.093,2.158,2.048,2.157,1562806.3
2021-12-06 16:00:00,2.159,2.188,2.132,2.158,769062.0
2021-12-06 20:00:00,2.16,2.265,2.141,2.24,947286.4
2021-12-07 00:00:00,2.239,2.3,2.228,2.258,1016356.3
2021-12-07 04:00:00,2.259,2.289,2.244,2.273,896350.1
2021-12-07 08:00:00,2.272,2.322,2.264,2.302,1029980.4
2021-12-07 12:00:00,2.302,2.308,2.204,2.276,1601243.2
2021-12-07 16:00:00,2.277,2.295,2.222,2.244,795542.8
2021-12-07 20:00:00,2.244,2.254,2.18,2.218,441655.4
2021-12-08 00:00:00,2.222,2.264,2.187,2.206,843347.5
2021-12-08 04:00:00,2.202,2.28,2.202,2.256,826307.1
2021-12-08 08:00:00,2.256,2.269,2.119,2.157,1485950.3
2021-12-08 12:00:00,2.156,2.273,2.139,2.244,1303465.5
2021-12-08 16:00:00,2.244,2.355,2.21,2.294,1350852.5
2021-12-08 20:00:00,2.295,2.374,2.249,2.334,1253113.4
2021-12-09 00:00:00,2.336,2.408,2.258,2.265,2003081.0
2021-12-09 04:00:00,2.263,2.302,2.231,2.283,867339.1
2021-12-09 08:00:00,2.282,2.287,2.225,2.248,1014048.8
2021-12-09 12:00:00,2.247,2.27,2.165,2.202,1297768.5
2021-12-09 16:00:00,2.201,2.227,2.111,2.13,1103579.7
2021-12-09 20:00:00,2.13,2.171,2.089,2.105,576725.9
2021-12-10 00:00:00,2.105,2.179,2.102,2.147,662887.6
2021-12-10 04:00:00,2.148,2.165,2.081,2.11,748623.8
2021-12-10 08:00:00,2.11,2.164,2.1,2.161,503995.4
2021-12-10 12:00:00,2.161,2.23,2.11,2.131,1109210.6
2021-12-10 16:00:00,2.13,2.149,2.084,2.149,650469.5
2021-12-10 20:00:00,2.148,2.172,2.067,2.077,442949.2
2021-12-11 00:00:00,2.076,2.137,2.03,2.12,792647.1
2021-12-11 04:00:00,2.12,2.168,2.116,2.13,744997.3
2021-12-11 08:00:00,2.129,2.181,2.123,2.147,570649.4
2021-12-11 12:00:00,2.148,2.178,2.12,2.164,694128.6
2021-12-11 16:00:00,2.165,2.184,2.138,2.143,399987.5
2021-12-11 20:00:00,2.142,2.188,2.138,2.178,248709.2
2021-12-12 00:00:00,2.179,2.266,2.157,2.229,1218433.2
2021-12-12 04:00:00,2.23,2.244,2.192,2.201,486322.9
2021-12-12 08:00:00,2.201,2.201,2.138,2.164,563631.8
2021-12-12 12:00:00,2.164,2.201,2.162,2.171,439101.0
2021-12-12 16:00:00,2.173,2.243,2.165,2.221,625666.3
2021-12-12 20:00:00,2.221,2.246,2.211,2.228,257625.7
2021-12-13 00:00:00,2.228,2.241,2.16,2.193,754123.9
2021-12-13 04:00:00,2.192,2.219,2.134,2.146,624253.0
2021-12-13 08:00:00,2.146,2.241,2.133,2.167,1123218.6
2021-12-13 12:00:00,2.167,2.19,2.047,2.067,1180156.4
2021-12-13 16:00:00,2.069,2.098,1.96,2.004,1314704.0
2021-12-13 20:00:00,2.004,2.04,1.984,2.019,556530.7
2021-12-14 00:00:00,2.019,2.052,1.996,2.022,375930.1
2021-12-14 04:00:00,2.02,2.042,1.981,2.027,681610.3
2021-12-14 08:00:00,2.028,2.053,2.008,2.048,544265.2
2021-12-14 12:00:00,2.048,2.074,1.99,2.005,944186.2
2021-12-14 16:00:00,2.005,2.034,1.987,2.014,307361.2
2021-12-14 20:00:00,2.014,2.07,2.009,2.058,316880.7
2021-12-15 00:00:00,2.059,2.073,2.021,2.049,306545.2
2021-12-15 04:00:00,2.051,2.165,2.043,2.128,1517992.2
2021-12-15 08:00:00,2.128,2.153,2.073,2.088,645138.0
2021-12-15 12:00:00,2.086,2.099,1.953,1.957,1097079.5
2021-12-15 16:00:00,1.956,2.114,1.951,2.104,1216955.6
2021-12-15 20:00:00,2.104,2.147,2.097,2.111,691199.4
2021-12-16 00:00:00,2.112,2.146,2.089,2.098,642565.6
2021-12-16 04:00:00,2.099,2.127,2.083,2.102,445736.8
2021-12-16 08:00:00,2.1,2.129,2.097,2.123,622892.4
2021-12-16 12:00:00,2.121,2.139,2.084,2.113,717981.1
2021-12-16 16:00:00,2.114,2.166,2.057,2.064,989670.0
2021-12-16 20:00:00,2.064,2.094,2.038,2.045,374578.4
2021-12-17 00:00:00,2.043,2.066,2.022,2.052,348780.0
2021-12-17 04:00:00,2.051,2.063,1.993,2.023,484887.1
2021-12-17 08:00:00,2.024,2.036,1.993,2.001,399953.5
2021-12-17 12:00:00,1.999,2.016,1.902,1.994,1404678.3
2021-12-17 16:00:00,1.996,2.046,1.977,1.983,603350.9
2021-12-17 20:00:00,1.983,1.999,1.936,1.98,328039.7
2021-12-18 00:00:00,1.982,2.024,1.948,2.006,395859.7
2021-12-18 04:00:00,2.005,2.019,1.967,1.976,606082.4
2021-12-18 08:00:00,1.978,2.022,1.972,2.013,511524.7
2021-12-18 12:00:00,2.013,2.033,1.995,2.01,601950.2
2021-12-18 16:00:00,2.01,2.017,1.981,1.996,411293.1
2021-12-18 20:00:00,1.997,2.016,1.99,2.005,165369.6
2021-12-19 00:00:00,2.005,2.038,1.984,2.018,321903.5
2021-12-19 04:00:00,2.017,2.035,2.002,2.011,318857.6
2021-12-19 08:00:00,2.008,2.014,1.968,1.987,352708.7
2021-12-19 12:00:00,1.987,2.024,1.977,1.992,502246.6
2021-12-19 16:00:00,1.992,2.011,1.956,1.96,313476.1
2021-12-19 20:00:00,1.96,2.002,1.955,1.978,228431.5
2021-12-20 00:00:00,1.978,2.0,1.942,1.952,443353.0
2021-12-20 04:00:00,1.952,1.976,1.912,1.955,864756.4
2021-12-20 08:00:00,1.955,1.957,1.88,1.92,946747.5
2021-12-20 12:00:00,1.921,1.922,1.861,1.869,940433.2
2021-12-20 16:00:00,1.87,1.935,1.865,1.934,406336.8
2021-12-20 20:00:00,1.934,1.986,1.927,1.945,399133.5
2021-12-21 00:00:00,1.946,1.99,1.927,1.982,635617.5
2021-12-21 04:00:00,1.982,2.01,1.981,2.008,825289.5
2021-12-21 08:00:00,2.007,2.011,1.988,1.997,757542.9
2021-12-21 12:00:00,1.995,2.01,1.976,1.985,850864.9
2021-12-21 16:00:00,1.985,2.015,1.98,2.012,397854.1
2021-12-21 20:00:00,2.013,2.033,2.006,2.009,736994.0
2021-12-22 00:00:00,2.007,2.04,1.993,2.032,640519.2
2021-12-22 04:00:00,2.032,2.094,2.029,2.083,1228973.2
2021-12-22 08:00:00,2.083,2.126,2.042,2.083,2023082.3
2021-12-22 12:00:00,2.082,2.191,2.03,2.182,2900395.9
2021-12-22 16:00:00,2.182,2.195,2.129,2.158,1395371.8
2021-12-22 20:00:00,2.16,2.177,2.134,2.147,717456.3
2021-12-23 00:00:00,2.146,2.244,2.076,2.226,2448453.9
2021-12-23 04:00:00,2.226,2.38,2.216,2.244,4943778.0
2021-12-23 08:00:00,2.243,2.331,2.211,2.235,2573895.5
2021-12-23 12:00:00,2.235,2.5,2.221,2.451,5770873.0
2021-12-23 16:00:00,2.451,2.469,2.369,2.387,3036703.5
2021-12-23 20:00:00,2.386,2.419,2.372,2.416,1228785.1
2021-12-24 00:00:00,2.415,2.57,2.389,2.453,3719560.0
2021-12-24 04:00:00,2.453,2.467,2.373,2.406,2006023.1
2021-12-24 08:00:00,2.406,2.436,2.38,2.39,1654959.5
2021-12-24 12:00:00,2.391,2.45,2.293,2.378,3511268.1
2021-12-24 16:00:00,2.375,2.408,2.343,2.345,1688739.6
2021-12-24 20:00:00,2.343,2.447,2.327,2.438,1793587.7
2021-12-25 00:00:00,2.439,2.447,2.373,2.388,1186473.5
2021-12-25 04:00:00,2.385,2.441,2.376,2.425,1332055.2
2021-12-25 08:00:00,2.425,2.443,2.37,2.39,1196727.5
2021-12-25 12:00:00,2.39,2.407,2.385,2.39,705585.9
2021-12-25 16:00:00,2.391,2.404,2.345,2.386,965225.4
2021-12-25 20:00:00,2.387,2.419,2.383,2.397,691140.0
2021-12-26 00:00:00,2.397,2.484,2.341,2.358,2084104.2
2021-12-26 04:00:00,2.357,2.458,2.347,2.436,1312280.3
2021-12-26 08:00:00,2.436,2.494,2.403,2.426,1808807.5
2021-12-26 12:00:00,2.425,2.646,2.416,2.609,5351464.2
2021-12-26 16:00:00,2.608,2.619,2.55,2.569,1452612.6
2021-12-26 20:00:00,2.568,2.589,2.512,2.558,1396720.8
2021-12-27 00:00:00,2.559,2.849,2.551,2.823,5885106.6
2021-12-27 04:00:00,2.823,2.85,2.768,2.814,2936235.4
2021-12-27 08:00:00,2.814,2.875,2.712,2.73,3997301.3
2021-12-27 12:00:00,2.731,2.76,2.701,2.754,1954315.8
2021-12-27 16:00:00,2.754,2.799,2.731,2.786,1588511.7
2021-12-27 20:00:00,2.787,2.82,2.652,2.668,1921992.2
2021-12-28 00:00:00,2.668,2.715,2.536,2.607,3401277.0
2021-12-28 04:00:00,2.607,2.675,2.5,2.665,2215443.6
2021-12-28 08:00:00,2.666,2.828,2.662,2.749,3975137.9
2021-12-28 12:00:00,2.748,2.9,2.692,2.856,5087612.9
2021-12-28 16:00:00,2.854,2.985,2.68,2.683,7182500.1
2021-12-28 20:00:00,2.682,2.826,2.628,2.773,2541470.3
2021-12-29 00:00:00,2.775,2.85,2.719,2.734,2620515.2
2021-12-29 04:00:00,2.733,2.755,2.63,2.65,1725563.3
2021-12-29 08:00:00,2.648,2.69,2.561,2.59,2262898.9
2021-12-29 12:00:00,2.591,2.613,2.483,2.602,3262416.9
2021-12-29 16:00:00,2.6,2.603,2.515,2.529,1188701.6
2021-12-29 20:00:00,2.527,2.564,2.441,2.482,1434845.7
2021-12-30 00:00:00,2.482,2.493,2.4,2.445,1613709.7
2021-12-30 04:00:00,2.444,2.523,2.439,2.498,797239.3
2021-12-30 08:00:00,2.498,2.527,2.456,2.515,803064.3
2021-12-30 12:00:00,2.517,2.542,2.468,2.482,1014403.0
2021-12-30 16:00:00,2.483,2.526,2.471,2.479,578957.4
2021-12-30 20:00:00,2.475,2.491,2.412,2.454,661130.9
2021-12-31 00:00:00,2.453,2.464,2.407,2.442,620929.7
2021-12-31 04:00:00,2.442,2.474,2.403,2.432,706139.7
2021-12-31 08:00:00,2.431,2.529,2.423,2.494,1348330.8
2021-12-31 12:00:00,2.494,2.515,2.482,2.51,437697.3
2021-12-31 16:00:00,2.511,2.54,2.333,2.342,1157364.9
2021-12-31 20:00:00,2.34,2.399,2.324,2.382,500280.0
2022-01-01 00:00:00,2.384,2.456,2.384,2.422,573463.5
2022-01-01 04:00:00,2.426,2.503,2.407,2.485,703894.4
2022-01-01 08:00:00,2.484,2.489,2.423,2.443,330956.9
2022-01-01 12:00:00,2.443,2.472,2.431,2.462,374361.1
2022-01-01 16:00:00,2.463,2.506,2.461,2.483,441592.2
2022-01-01 20:00:00,2.483,2.529,2.474,2.524,215979.0
2022-01-02 00:00:00,2.524,2.527,2.455,2.459,521707.8
2022-01-02 04:00:00,2.458,2.471,2.414,2.45,441296.6
2022-01-02 08:00:00,2.447,2.488,2.425,2.473,461784.1
2022-01-02 12:00:00,2.473,2.496,2.449,2.469,487594.5
2022-01-02 16:00:00,2.469,2.501,2.423,2.452,760369.9
2022-01-02 20:00:00,2.449,2.471,2.442,2.46,146435.1
2022-01-03 00:00:00,2.46,2.46,2.373,2.385,632811.9
2022-01-03 04:00:00,2.383,2.406,2.378,2.393,340497.8
2022-01-03 08:00:00,2.391,2.428,2.381,2.419,600304.1
2022-01-03 12:00:00,2.421,2.434,2.392,2.4,530299.8
2022-01-03 16:00:00,2.4,2.414,2.334,2.354,743748.7
2022-01-03 20:00:00,2.354,2.385,2.304,2.372,847055.1
2022-01-04 00:00:00,2.371,2.403,2.327,2.378,762296.5
2022-01-04 04:00:00,2.376,2.48,2.374,2.479,1179042.4
2022-01-04 08:00:00,2.48,2.5,2.441,2.476,769545.8
2022-01-04 12:00:00,2.476,2.58,2.45,2.552,1687334.2
2022-01-04 16:00:00,2.554,2.649,2.497,2.577,3010491.5
2022-01-04 20:00:00,2.576,2.665,2.517,2.531,1329869.1
2022-01-05 00:00:00,2.529,2.847,2.504,2.807,5107133.1
2022-01-05 04:00:00,2.805,2.904,2.778,2.8,6559931.7
2022-01-05 08:00:00,2.799,2.809,2.704,2.753,2366402.3
2022-01-05 12:00:00,2.753,2.819,2.724,2.743,2400046.5
2022-01-05 16:00:00,2.746,2.79,2.515,2.557,3582975.5
2022-01-05 20:00:00,2.555,2.607,2.3,2.452,4982253.0
2022-01-06 00:00:00,2.453,2.478,2.351,2.354,2967078.6
2022-01-06 04:00:00,2.355,2.423,2.339,2.395,1947468.9
2022-01-06 08:00:00,2.395,2.401,2.309,2.355,1744832.3
2022-01-06 12:00:00,2.355,2.4,2.331,2.378,1406298.9
2022-01-06 16:00:00,2.379,2.429,2.353,2.41,751146.4
2022-01-06 20:00:00,2.413,2.422,2.381,2.398,348712.8
2022-01-07 00:00:00,2.396,2.469,2.266,2.299,2563545.9
2022-01-07 04:00:00,2.3,2.376,2.271,2.359,2420100.1
2022-01-07 08:00:00,2.36,2.545,2.334,2.509,2344685.0
2022-01-07 12:00:00,2.508,2.593,2.405,2.488,3769088.5
2022-01-07 16:00:00,2.488,2.587,2.452,2.522,2341101.4
2022-01-07 20:00:00,2.527,2.551,2.477,2.544,894975.8
2022-01-08 00:00:00,2.545,2.633,2.514,2.57,2046702.9
2022-01-08 04:00:00,2.572,2.598,2.527,2.564,1340867.0
2022-01-08 08:00:00,2.567,2.604,2.49,2.519,1958949.5
2022-01-08 12:00:00,2.518,2.553,2.462,2.501,1658233.9
2022-01-08 16:00:00,2.502,2.525,2.286,2.315,3006635.2
2022-01-08 20:00:00,2.313,2.376,2.286,2.322,867085.7
2022-01-09 00:00:00,2.321,2.383,2.296,2.353,1367988.9
2022-01-09 04:00:00,2.354,2.379,2.329,2.332,628369.1
2022-01-09 08:00:00,2.331,2.341,2.247,2.309,979273.7
2022-01-09 12:00:00,2.311,2.318,2.233,2.252,1055850.7
2022-01-09 16:00:00,2.25,2.367,2.25,2.359,1121329.2
2022-01-09 20:00:00,2.36,2.364,2.276,2.295,481725.7
2022-01-10 00:00:00,2.296,2.344,2.285,2.327,718673.5
2022-01-10 04:00:00,2.327,2.4,2.313,2.343,943460.1
2022-01-10 08:00:00,2.344,2.353,2.261,2.271,980094.3
2022-01-10 12:00:00,2.272,2.35,2.063,2.193,4361367.2
2022-01-10 16:00:00,2.194,2.292,2.18,2.21,1563584.8
2022-01-10 20:00:00,2.215,2.266,2.197,2.244,320278.3
2022-01-11 00:00:00,2.244,2.399,2.228,2.387,1301391.5
2022-01-11 04:00:00,2.386,2.393,2.332,2.355,966898.0
2022-01-11 08:00:00,2.357,2.389,2.317,2.367,1147755.4
2022-01-11 12:00:00,2.364,2.42,2.292,2.35,1656081.9
2022-01-11 16:00:00,2.353,2.44,2.342,2.411,1327807.0
2022-01-11 20:00:00,2.413,2.443,2.386,2.442,428913.1
2022-01-12 00:00:00,2.442,2.48,2.408,2.466,1056911.9
2022-01-12 04:00:00,2.467,2.476,2.418,2.442,633159.8
2022-01-12 08:00:00,2.44,2.47,2.42,2.445,1020981.0
2022-01-12 12:00:00,2.446,2.563,2.441,2.509,1935551.2
2022-01-12 16:00:00,2.508,2.542,2.494,2.524,728478.8
2022-01-12 20:00:00,2.524,2.537,2.503,2.524,351858.7
2022-01-13 00:00:00,2.523,2.55,2.43,2.449,987060.6
2022-01-13 04:00:00,2.449,2.496,2.448,2.479,591015.9
2022-01-13 08:00:00,2.48,2.497,2.407,2.419,910421.4
2022-01-13 12:00:00,2.418,2.519,2.338,2.384,2624938.6
2022-01-13 16:00:00,2.386,2.406,2.32,2.344,1195066.7
2022-01-13 20:00:00,2.344,2.351,2.3,2.311,539405.5
2022-01-14 00:00:00,2.309,2.343,2.274,2.336,1053370.4
2022-01-14 04:00:00,2.338,2.399,2.333,2.359,902685.4
2022-01-14 08:00:00,2.36,2.364,2.265,2.305,906754.8
2022-01-14 12:00:00,2.302,2.398,2.28,2.388,1060716.6
2022-01-14 16:00:00,2.389,2.429,2.357,2.407,637000.4
2022-01-14 20:00:00,2.408,2.446,2.4,2.435,375527.0
2022-01-15 00:00:00,2.434,2.51,2.427,2.487,1208287.0
2022-01-15 04:00:00,2.487,2.498,2.429,2.456,783533.1
2022-01-15 08:00:00,2.453,2.461,2.422,2.436,449727.7
2022-01-15 12:00:00,2.436,2.445,2.381,2.445,762070.7
2022-01-15 16:00:00,2.444,2.447,2.414,2.43,279680.4
2022-01-15 20:00:00,2.433,2.44,2.393,2.395,230846.2
2022-01-16 00:00:00,2.394,2.42,2.352,2.379,711493.4
2022-01-16 04:00:00,2.38,2.406,2.368,2.401,463907.6
2022-01-16 08:00:00,2.403,2.429,2.369,2.397,542740.9
2022-01-16 12:00:00,2.397,2.484,2.377,2.433,967280.7
2022-01-16 16:00:00,2.435,2.451,2.406,2.435,562277.3
2022-01-16 20:00:00,2.435,2.486,2.429,2.452,510784.4
2022-01-17 00:00:00,2.453,2.464,2.331,2.334,1075720.5
2022-01-17 04:00:00,2.334,2.36,2.315,2.338,803660.8
2022-01-17 08:00:00,2.339,2.354,2.311,2.32,466315.5
2022-01-17 12:00:00,2.318,2.345,2.274,2.282,730181.8
2022-01-17 16:00:00,2.282,2.297,2.228,2.259,799666.2
2022-01-17 20:00:00,2.261,2.267,2.214,2.254,450915.8
2022-01-18 00:00:00,2.254,2.28,2.225,2.239,583751.1
2022-01-18 04:00:00,2.24,2.272,2.213,2.253,442384.0
2022-01-18 08:00:00,2.249,2.253,2.178,2.225,868124.0
2022-01-18 12:00:00,2.223,2.234,2.193,2.208,736091.0
2022-01-18 16:00:00,2.207,2.236,2.192,2.227,335922.3
2022-01-18 20:00:00,2.226,2.336,2.225,2.308,574220.2
2022-01-19 00:00:00,2.305,2.328,2.247,2.258,680669.2
2022-01-19 04:00:00,2.26,2.273,2.172,2.191,564922.5
2022-01-19 08:00:00,2.189,2.235,2.168,2.227,766441.1
2022-01-19 12:00:00,2.229,2.266,2.207,2.24,501735.0
2022-01-19 16:00:00,2.24,2.261,2.22,2.24,284262.8
2022-01-19 20:00:00,2.24,2.242,2.195,2.197,229195.6
2022-01-20 00:00:00,2.202,2.236,2.185,2.219,358842.4
2022-01-20 04:00:00,2.218,2.249,2.213,2.246,277063.2
2022-01-20 08:00:00,2.245,2.27,2.234,2.252,400987.5
2022-01-20 12:00:00,2.251,2.318,2.238,2.302,769803.7
2022-01-20 16:00:00,2.304,2.311,2.263,2.278,375949.7
2022-01-20 20:00:00,2.28,2.282,2.1,2.115,1027230.3
2022-01-21 00:00:00,2.113,2.132,1.978,2.019,2478466.2
2022-01-21 04:00:00,2.016,2.058,2.012,2.046,608799.8
2022-01-21 08:00:00,2.046,2.058,2.024,2.041,539705.0
2022-01-21 12:00:00,2.043,2.047,1.935,2.017,1276932.3
2022-01-21 16:00:00,2.017,2.027,1.946,1.948,778668.0
2022-01-21 20:00:00,1.949,1.999,1.79,1.848,2163148.0
2022-01-22 00:00:00,1.848,1.899,1.803,1.822,1397545.9
2022-01-22 04:00:00,1.82,1.84,1.569,1.606,3549623.1
2022-01-22 08:00:00,1.605,1.664,1.416,1.598,3940886.5
2022-01-22 12:00:00,1.598,1.692,1.537,1.54,1304487.7
2022-01-22 16:00:00,1.541,1.616,1.506,1.533,821803.9
2022-01-22 20:00:00,1.534,1.62,1.522,1.573,629093.9
2022-01-23 00:00:00,1.575,1.623,1.546,1.579,960781.6
2022-01-23 04:00:00,1.577,1.667,1.571,1.66,1071127.3
2022-01-23 08:00:00,1.656,1.696,1.635,1.64,1039272.1
2022-01-23 12:00:00,1.638,1.649,1.557,1.59,1059910.9
2022-01-23 16:00:00,1.591,1.608,1.517,1.531,712994.7
2022-01-23 20:00:00,1.527,1.623,1.52,1.618,638047.2
2022-01-24 00:00:00,1.618,1.618,1.541,1.555,554514.9
2022-01-24 04:00:00,1.559,1.563,1.459,1.467,822367.0
2022-01-24 08:00:00,1.466,1.492,1.362,1.392,2806690.1
2022-01-24 12:00:00,1.392,1.438,1.34,1.427,2101373.2
2022-01-24 16:00:00,1.424,1.492,1.385,1.475,922371.3
2022-01-24 20:00:00,1.472,1.535,1.468,1.504,634046.6
2022-01-25 00:00:00,1.501,1.505,1.464,1.5,646910.4
2022-01-25 04:00:00,1.5,1.503,1.449,1.478,397246.3
2022-01-25 08:00:00,1.476,1.536,1.473,1.515,720801.3
2022-01-25 12:00:00,1.515,1.564,1.48,1.521,1443535.0
2022-01-25 16:00:00,1.521,1.552,1.513,1.532,633871.5
2022-01-25 20:00:00,1.533,1.543,1.495,1.53,290903.0
2022-01-26 00:00:00,1.531,1.547,1.504,1.542,995663.9
2022-01-26 04:00:00,1.543,1.883,1.537,1.674,8506536.6
2022-01-26 08:00:00,1.674,1.701,1.62,1.639,2712504.2
2022-01-26 12:00:00,1.639,1.673,1.613,1.65,1961656.1
2022-01-26 16:00:00,1.649,1.732,1.613,1.663,2610845.1
2022-01-26 20:00:00,1.662,1.669,1.555,1.591,1478697.8
2022-01-27 00:00:00,1.591,1.611,1.462,1.477,2485066.4
2022-01-27 04:00:00,1.477,1.501,1.465,1.492,878644.0
2022-01-27 08:00:00,1.493,1.52,1.471,1.518,866741.0
2022-01-27 12:00:00,1.52,1.556,1.516,1.534,872654.8
2022-01-27 16:00:00,1.534,1.539,1.491,1.502,613198.4
2022-01-27 20:00:00,1.501,1.535,1.446,1.524,786179.5
2022-01-28 00:00:00,1.523,1.553,1.492,1.542,745734.1
2022-01-28 04:00:00,1.544,1.579,1.521,1.544,656909.3
2022-01-28 08:00:00,1.544,1.58,1.527,1.551,826371.0
2022-01-28 12:00:00,1.551,1.597,1.51,1.575,1606688.7
2022-01-28 16:00:00,1.574,1.591,1.553,1.576,566561.6
2022-01-28 20:00:00,1.576,1.605,1.572,1.593,486508.3
2022-01-29 00:00:00,1.59,1.619,1.575,1.602,699182.9
2022-01-29 04:00:00,1.604,1.632,1.599,1.628,331789.5
2022-01-29 08:00:00,1.63,1.65,1.608,1.637,412369.4
2022-01-29 12:00:00,1.637,1.659,1.587,1.6,777172.8
2022-01-29 16:00:00,1.601,1.632,1.585,1.621,321493.4
2022-01-29 20:00:00,1.622,1.66,1.607,1.622,397218.4
2022-01-30 00:00:00,1.623,1.633,1.599,1.625,331877.0
2022-01-30 04:00:00,1.627,1.668,1.621,1.661,262654.7
2022-01-30 08:00:00,1.661,1.679,1.63,1.651,496742.3
2022-01-30 12:00:00,1.651,1.653,1.597,1.626,605408.9
2022-01-30 16:00:00,1.625,1.633,1.561,1.57,466398.8
2022-01-30 20:00:00,1.569,1.593,1.545,1.581,561588.4
2022-01-31 00:00:00,1.58,1.584,1.51,1.55,521981.5
2022-01-31 04:00:00,1.55,1.55,1.519,1.539,269102.3
2022-01-31 08:00:00,1.541,1.579,1.533,1.569,467531.9
2022-01-31 12:00:00,1.569,1.64,1.548,1.633,590442.4
2022-01-31 16:00:00,1.635,1.679,1.623,1.663,694010.7
2022-01-31 20:00:00,1.665,1.684,1.645,1.65,373960.6
2022-02-01 00:00:00,1.651,1.707,1.643,1.689,694814.1
2022-02-01 04:00:00,1.689,1.698,1.664,1.696,305556.1
2022-02-01 08:00:00,1.694,1.718,1.66,1.687,630948.9
2022-02-01 12:00:00,1.687,1.734,1.677,1.69,1204980.0
2022-02-01 16:00:00,1.69,1.71,1.659,1.665,540654.8
2022-02-01 20:00:00,1.663,1.706,1.663,1.689,298088.4
2022-02-02 00:00:00,1.691,1.73,1.68,1.703,479456.7
2022-02-02 04:00:00,1.702,1.721,1.671,1.68,575460.1
2022-02-02 08:00:00,1.68,1.703,1.672,1.7,261306.8
2022-02-02 12:00:00,1.699,1.711,1.626,1.634,979649.0
2022-02-02 16:00:00,1.634,1.64,1.601,1.627,594936.1
2022-02-02 20:00:00,1.627,1.63,1.56,1.579,495851.1
2022-02-03 00:00:00,1.578,1.594,1.555,1.573,299570.2
2022-02-03 04:00:00,1.57,1.595,1.568,1.59,209725.8
2022-02-03 08:00:00,1.59,1.603,1.543,1.596,390074.5
2022-02-03 12:00:00,1.595,1.625,1.564,1.622,362485.4
2022-02-03 16:00:00,1.622,1.638,1.595,1.603,245396.6
2022-02-03 20:00:00,1.604,1.66,1.599,1.657,285580.5
2022-02-04 00:00:00,1.657,1.717,1.651,1.698,735230.9
2022-02-04 04:00:00,1.698,1.714,1.683,1.705,479004.6
2022-02-04 08:00:00,1.706,1.718,1.69,1.703,441530.3
2022-02-04 12:00:00,1.703,1.745,1.671,1.722,1354706.0
2022-02-04 16:00:00,1.721,1.761,1.719,1.743,704055.5
2022-02-04 20:00:00,1.743,1.77,1.728,1.768,329222.7
2022-02-05 00:00:00,1.767,1.821,1.758,1.817,675898.5
2022-02-05 04:00:00,1.816,1.858,1.805,1.809,904966.3
2022-02-05 08:00:00,1.807,1.822,1.784,1.79,582604.7
2022-02-05 12:00:00,1.791,1.816,1.761,1.8,919547.3
2022-02-05 16:00:00,1.799,1.802,1.713,1.762,922369.6
2022-02-05 20:00:00,1.762,1.781,1.752,1.76,177870.5
2022-02-06 00:00:00,1.759,1.808,1.753,1.776,509010.0
2022-02-06 04:00:00,1.779,1.787,1.739,1.778,445871.7
2022-02-06 08:00:00,1.777,1.808,1.772,1.793,476065.9
2022-02-06 12:00:00,1.793,1.84,1.737,1.761,982554.1
2022-02-06 16:00:00,1.763,1.789,1.751,1.77,231389.7
2022-02-06 20:00:00,1.77,1.81,1.756,1.81,440017.8
2022-02-07 00:00:00,1.81,1.838,1.771,1.831,847040.2
2022-02-07 04:00:00,1.832,1.853,1.818,1.835,616500.6
2022-02-07 08:00:00,1.835,1.854,1.802,1.847,679657.5
2022-02-07 12:00:00,1.849,1.877,1.823,1.874,1044717.0
2022-02-07 16:00:00,1.875,1.935,1.863,1.899,1246138.7
2022-02-07 20:00:00,1.9,1.91,1.871,1.883,428853.9
2022-02-08 00:00:00,1.883,1.896,1.834,1.886,963550.9
2022-02-08 04:00:00,1.887,1.93,1.86,1.874,947072.9
2022-02-08 08:00:00,1.875,1.886,1.77,1.804,1119233.2
2022-02-08 12:00:00,1.803,1.803,1.744,1.764,692888.3
2022-02-08 16:00:00,1.765,1.778,1.733,1.743,388626.1
2022-02-08 20:00:00,1.742,1.783,1.738,1.773,419877.5
2022-02-09 00:00:00,1.775,1.798,1.74,1.767,1378229.6
